date,Afghanistan,Albania,Algeria,Andorra,Angola,Antigua and Barbuda,Argentina,Armenia,Aruba,Australia,Austria,Azerbaijan,Bahamas,Bahrain,Bangladesh,Barbados,Belarus,Belgium,Belize,Benin,Bhutan,Bolivia,Bosnia and Herzegovina,Botswana,Brazil,Brunei,Bulgaria,Burkina Faso,Burundi,Cabo Verde,Cambodia,Cameroon,Canada,Cape Verde,Cayman Islands,Central African Republic,Chad,Channel Islands,Chile,China,Colombia,Comoros,Congo,Costa Rica,Croatia,Cuba,Curacao,Cyprus,Czech Republic,Czechia,Denmark,Diamond Princess,Djibouti,Dominica,Dominican Republic,Ecuador,Egypt,El Salvador,Equatorial Guinea,Eritrea,Estonia,Eswatini,Ethiopia,Faroe Islands,Fiji,Finland,France,French Guiana,Gabon,Gambia,Georgia,Germany,Ghana,Gibraltar,Greece,Greenland,Grenada,Guadeloupe,Guam,Guatemala,Guernsey,Guinea,Guinea-Bissau,Guyana,Haiti,Holy See,Honduras,Hong Kong,Hungary,Iceland,India,Indonesia,Iran,Iraq,Ireland,Israel,Italy,Ivory Coast,Jamaica,Japan,Jersey,Jordan,Kazakhstan,Kenya,Kosovo,Kuwait,Kyrgyzstan,Laos,Latvia,Lebanon,Lesotho,Liberia,Libya,Liechtenstein,Lithuania,Luxembourg,MS Zaandam,Macau,Madagascar,Malawi,Malaysia,Maldives,Mali,Malta,Martinique,Mauritania,Mauritius,Mayotte,Mexico,Moldova,Monaco,Mongolia,Montenegro,Morocco,Mozambique,Myanmar,Namibia,Nepal,Netherlands,New Zealand,Nicaragua,Niger,Nigeria,North Macedonia,Norway,Oman,Others,Pakistan,Palestine,Panama,Papua New Guinea,Paraguay,Peru,Philippines,Poland,Portugal,Puerto Rico,Qatar,Reunion,Romania,Russia,Rwanda,Saint Barthelemy,Saint Kitts and Nevis,Saint Lucia,Saint Martin,Saint Vincent and the Grenadines,San Marino,Sao Tome and Principe,Saudi Arabia,Senegal,Serbia,Seychelles,Sierra Leone,Singapore,Slovakia,Slovenia,Somalia,South Africa,South Korea,South Sudan,Spain,Sri Lanka,St. Martin,Sudan,Suriname,Sweden,Switzerland,Syria,Taipei and environs,Taiwan,Tajikistan,Tanzania,Thailand,Timor-Leste,Togo,Trinidad and Tobago,Tunisia,Turkey,Uganda,Ukraine,United Arab Emirates,United Kingdom,United States,Uruguay,Uzbekistan,Vatican City,Venezuela,Vietnam,Western Sahara,Yemen,Zambia,Zimbabwe
2020-01-22,,,,,,,,,,,,,,,,,,,,,,,,,,,,,,,,,,,,,,,,,,,,,,,,,,,,,,,,,,,,,,,,,,,,,,,,,,,,,,,,,,,,,,,,,,,,,,,,,,,,,,,,,,,,,,,,,,,,,,,,,,,,,,,,,,,,,,,,,,,,,,,,,,,,,,,,,,,,,,,,,,,,,,,,,,,,,,,,,,,,,,,,,,,,,,,,,,,,,,,,,,,,,,,,,,,,,
2020-01-23,,,,,,,,,,,,,,,,,,,,,,,,,,,,,,,,,,,,,,,,2.0,,,,,,,,,,,,,,,,,,,,,,,,,,,,,,,,,,,,,,,,,,,,,,,,0.0,,,,,,,,,,,,0.0,,,,,,,,,,,,,,,,,,0.0,,,,,,,,,,,,,,,,,,,,,,,,,,,,,,,,,,,,,,,,,,,,,,,,,,,,,,,,,,,,,,0.0,,,,,,,,,,,0.0,,,0.0,,,,,,,,,,0.0,,,,,,,,,
2020-01-24,,,,,,,,,,,,,,,,,,,,,,,,,,,,,,,,,,,,,,,,6.0,,,,,,,,,,,,,,,,,,,,,,,,,,,,,,,,,,,,,,,,,,,,,,,,0.0,,,,,,,,,,,,0.0,,,,,,,,,,,,,,,,,,0.0,,,,,,,,,,,,,,,,,,,,,,,,,,,,,,,,,,,,,,,,,,,,,,,,,,,,,,,,,0.0,,,,,0.0,,,,,,,,,,,0.0,,,0.0,,,,,,,,,,0.0,,,,,0.0,,,,
2020-01-25,,,,,,,,,,0.0,,,,,,,,,,,,,,,,,,,,,,,,,,,,,,3.0,,,,,,,,,,,,,,,,,,,,,,,,,,,0.0,,,,,,,,,,,,,,,,,,,,,0.0,,,,,,,,,,,,0.0,,,,,,,,,,,,,,,,,,0.0,,,0.0,,,,,,,,,,,,,,,,,,,,,,,,,,,,,,,,,,,,,,,,,,,,,,,,,,,,,,0.0,,,,,0.0,,,,,,,,,,,0.0,,,0.0,,,,,,,,,,0.0,,,,,0.0,,,,
2020-01-26,,,,,,,,,,0.0,,,,,,,,,,,,,,,,,,,,,,,,,,,,,,10.0,,,,,,,,,,,,,,,,,,,,,,,,,,,0.0,,,,,,,,,,,,,,,,,,,,,0.0,,,,,,,,,,,,1.0,,,,,,,,,,,,,,,,,,0.0,,,0.0,,,,,,,,,,,,,,,,,0.0,,,,,,,,,,,,,,,,,,,,,,,,,,,,,,,,,,,,,0.0,,,,,0.0,,,,,,,,,,,0.0,,,2.0,,,,,,,,,,0.0,,,,,0.0,,,,
2020-01-27,,,,,,,,,,0.0,,,,,,,,,,,,,,,,,,,,,,,0.0,,,,,,,9.0,,,,,,,,,,,,,,,,,,,,,,,,,,,0.0,,,,,,,,,,,,,,,,,,,,,0.0,,,,,,,,,,,,0.0,,,,,,,,,,,,,,,,,,0.0,,,0.0,,,,,,,,,,,,,,,,,0.0,,,,,,,,,,,,,,,,,,,,,,,,,,,,,,,,,,,,,0.0,,,,,0.0,,,,,,,,,,,0.0,,,0.0,,,,,,,,,,0.0,,,,,0.0,,,,
2020-01-28,,,,,,,,,,0.0,,,,,,,,,,,,,,,,,,,,,0.0,,0.0,,,,,,,43.0,,,,,,,,,,,,,,,,,,,,,,,,,,,0.0,,,,,,,,,,,,,,,,,,,,,0.0,,,,,,,,,,,,0.0,,,,,,,,,,,,,,,,,,0.0,,,0.0,,,,,,,,,,,,,,,,,0.0,,,,,,,,,,,,,,,,,,,,,,,,,,,,,,,,,,,,,0.0,,,,,0.0,,,0.0,,,,,,,,0.0,,,3.0,,,,,,,,,,0.0,,,,,0.0,,,,
2020-01-29,,,,,,,,,,0.0,,,,,,,,,,,,,,,,,,,,,0.0,,0.0,,,,,,,19.0,,,,,,,,,,,,,,,,,,,,,,,,,,,0.0,,,,,0.0,,,,,,,,,,,,,,,,0.0,,,,,,,,,,,,0.0,,,,,,,,,,,,,,,,,,0.0,,,0.0,,,,,,,,,,,,,,,,,0.0,,,,,,,,,,,,,,,,,,,,,,,,,,,,,,,,,,,,,0.0,,,,,0.0,,,0.0,,,,,,,,0.0,,,0.0,,,,,,,,,,0.0,,,,,0.0,,,,
2020-01-30,,,,,,,,,,2.0,,,,,,,,,,,,,,,,,,,,,0.0,,0.0,,,,,,,15.0,,,,,,,,,,,,,,,,,,,,,,,,,,0.0,0.0,,,,,0.0,,,,,,,,,,,,,,,,0.0,,,,,,,,,,,,0.0,,,,,,,,,,,,,,,,,,0.0,,,0.0,,,,,,,,,,,,,,,,,0.0,,,,,,,,,,,,,,,,0.0,,,,,,,,,,,,,,,,,,,,,0.0,,,,,0.0,,,0.0,,,,,,,,0.0,,,0.0,,,,,,,,0.0,,0.0,,,,,0.0,,,,
2020-01-31,,,,,,,,,,0.0,,,,,,,,,,,,,,,,,,,,,0.0,,0.0,,,,,,,79.0,,,,,,,,,,,,,,,,,,,,,,,,,,0.0,0.0,,,,,0.0,,,,,,,,,,,,,,,,0.0,,,0.0,,,,,,,,,0.0,,,,,,,,,,,,,,,,,,0.0,,,0.0,,,,,,,,,,,,,,,,,0.0,,,,,,,,,,,,,,,,0.0,,,,,,,,,,,,,,,,,,,,,0.0,,,,,0.0,,,0.0,,,,,,,,0.0,,,0.0,,,,,,,,0.0,,0.0,,,,,0.0,,,,
2020-02-01,,,,,,,,,,0.0,,,,,,,,,,,,,,,,,,,,,0.0,,0.0,,,,,,,61.0,,,,,,,,,,,,,,,,,,,,,,,,,,0.0,0.0,,,,,0.0,,,,,,,,,,,,,,,,0.0,,,0.0,,,,,,0.0,,,0.0,,,,,,,,,,,,,,,,,,0.0,,,0.0,,,,,,,,,,,,,,,,,0.0,,,,,,,,,,,,,,,,0.0,,,,,,,0.0,,,,,,,,,,,,,,0.0,,,,,0.0,,,0.0,,,,0.0,,,,0.0,,,0.0,,,,,,,,0.0,0.0,0.0,,,,,1.0,,,,
2020-02-02,,,,,,,,,,0.0,,,,,,,,,,,,,,,,,,,,,0.0,,0.0,,,,,,,188.0,,,,,,,,,,,,,,,,,,,,,,,,,,0.0,0.0,,,,,0.0,,,,,,,,,,,,,,,,0.0,,,0.0,,,,,,0.0,,,0.0,,,,,,,,,,,,,,,,,,0.0,,,0.0,,,,,,,,,,,,,,,,,0.0,,,,,,,,,,,,,,,,0.0,,,,,,,0.0,,,,,,,,,,,,,,0.0,,,,,0.0,,0.0,0.0,,,,0.0,,,,0.0,,,0.0,,,,,,,,0.0,0.0,0.0,,,,,0.0,,,,
2020-02-03,,,,,,,,,,0.0,,,,,,,,,,,,,,,,,,,,,0.0,,0.0,,,,,,,151.0,,,,,,,,,,,,,,,,,,,,,,,,,,0.0,0.0,,,,,0.0,,,,,,,,,,,,,,,,0.0,,,0.0,,,,,,0.0,,,0.0,,,,,,,,,,,,,,,,,,0.0,,,0.0,,,,,,,,,,,,,,,,,0.0,,,,,,,,,,,,,,,,0.0,,,,,,,0.0,,,,,,,,,,,,,,0.0,,,,,0.0,,0.0,0.0,,,,0.0,,,,0.0,,,0.0,,,,,,,,0.0,0.0,0.0,,,,,0.0,,,,
2020-02-04,,,,,,,,,,0.0,,,,,,,,,,,,,,,,,,,,,0.0,,0.0,,,,,,,229.0,,,,,,,,,,,,,,,,,,,,,,,,,,0.0,0.0,,,,,0.0,,,,,,,,,,,,,,,,0.0,,,0.0,,,,,,0.0,,,0.0,,,,,,,,,,,,,,,,,,0.0,,,0.0,,,,,,,,,,,,,,,,,0.0,,,,,,,,,,,,,,,,0.0,,,,,,,0.0,,,,,,,,,,,,,,0.0,,,,,0.0,,0.0,0.0,,,,0.0,,,,0.0,,,0.0,,,,,,,,0.0,0.0,0.0,,,,,0.0,,,,
2020-02-05,,,,,,,,,,0.0,,,,,,,,0.0,,,,,,,,,,,,,0.0,,0.0,,,,,,,272.0,,,,,,,,,,,,,,,,,,,,,,,,,,0.0,0.0,,,,,0.0,,,,,,,,,,,,,,,,0.0,,,0.0,,,,,,0.0,,,0.0,,,,,,,,,,,,,,,,,,0.0,,,0.0,,,,,,,,,,,,,,,,,0.0,,,,,,,,,,,,,,,,0.0,,,,,,,0.0,,,,,,,,,,,,,,0.0,,,,,0.0,,0.0,0.0,,,,0.0,,,,0.0,,,0.0,,,,,,,,0.0,0.0,0.0,,,,,0.0,,,,
2020-02-06,,,,,,,,,,0.0,,,,,,,,0.0,,,,,,,,,,,,,0.0,,0.0,,,,,,,361.0,,,,,,,,,,,,,,,,,,,,,,,,,,0.0,0.0,,,,,0.0,,,,,,,,,,,,,,,,0.0,,,0.0,,,,,,0.0,,,0.0,,,,,,,,,,,,,,,,,,1.0,,,0.0,,,,,,,,,,,,,,,,,0.0,,,,,,,,,,,,,,,,0.0,,,,,,,0.0,,,,,,,,,,,,,,0.0,,,,,0.0,,0.0,0.0,,,,0.0,,,,1.0,,,0.0,,,,,,,,0.0,0.0,0.0,,,,,0.0,,,,
2020-02-07,,,,,,,,,,0.0,,,,,,,,0.0,,,,,,,,,,,,,0.0,,0.0,,,,,,,522.0,,,,,,,,,,,,,,,,,,,,,,,,,,0.0,0.0,,,,,0.0,,,,,,,,,,,,,,,,0.0,,,0.0,,,,,,0.0,,,0.0,,,,,,,,,,,,,,,,,,0.0,,,1.0,,,,,,,,,,,,,,,,,0.0,,,,,,,,,,,,,,,,0.0,,,,,,,0.0,,,,,,,,,,,,,,0.0,,,,,1.0,,0.0,0.0,,,,0.0,,,,0.0,,,0.0,,,,,,,,0.0,0.0,0.0,,,,,0.0,,,,
2020-02-08,,,,,,,,,,0.0,,,,,,,,0.0,,,,,,,,,,,,,0.0,,0.0,,,,,,,597.0,,,,,,,,,,,,,,,,,,,,,,,,,,0.0,0.0,,,,,0.0,,,,,,,,,,,,,,,,0.0,,,0.0,,,,,,0.0,,,0.0,,,,,,,,,,,,,,,,,,0.0,,,0.0,,,,,,,,,,,,,,,,,0.0,,,,,,,,,0.0,,,,,,,0.0,,,,,,,0.0,,,,,,,,,,,,,,2.0,,,,,0.0,,0.0,1.0,,,,0.0,,,,0.0,,,5.0,,,,,,,,0.0,0.0,0.0,,,,,0.0,,,,
2020-02-09,,,,,,,,,,0.0,,,,,,,,0.0,,,,,,,,,,,,,0.0,,0.0,,,,,,,623.0,,,,,,,,,,,,,,,,,,,,,,,,,,0.0,0.0,,,,,0.0,,,,,,,,,,,,,,,,0.0,,,0.0,,,,,,0.0,,,0.0,,,,,,,,,,,,,,,,,,0.0,,,0.0,,,,,,,,,,,,,,,,,0.0,,,,,,,,,0.0,,,,,,,0.0,,,,,,,0.0,,,,,,,,,,,,,,0.0,,,,,2.0,,0.0,0.0,,,,0.0,,,,0.0,,,0.0,,,,,,,,0.0,0.0,3.0,,,,,0.0,,,,
2020-02-10,,,,,,,,,,0.0,,,,,,,,0.0,,,,,,,,,,,,,0.0,,0.0,,,,,,,699.0,,,,,,,,,,,,,,,,,,,,,,,,,,0.0,0.0,,,,,0.0,,,,,,,,,,,,,,,,0.0,,,0.0,,,,,,0.0,,,3.0,,,,,,,,,,,,,,,,,,0.0,,,0.0,,,,,,,,,,,,,,,,,0.0,,,,,,,,,0.0,,,,,,,0.0,,,,,,,0.0,,,,,,,,,,,,,,0.0,,,,,0.0,,0.0,0.0,,,,0.0,,,,0.0,,,0.0,,,,,,,,0.0,0.0,0.0,,,,,0.0,,,,
2020-02-11,,,,,,,,,,0.0,,,,,,,,0.0,,,,,,,,,,,,,0.0,,0.0,,,,,,,718.0,,,,,,,,,,,,,,,,,,,,,,,,,,0.0,0.0,,,,,0.0,,,,,,,,,,,,,,,,0.0,,,0.0,,,,,,0.0,,,5.0,,,,,,,,,,,,,,,,,,0.0,,,2.0,,,,,,,,,,,,,,,,,0.0,,,,,,,,,0.0,,,,,,,0.0,,,,,,,0.0,,,,,,,,,,,,,,7.0,,,,,0.0,,0.0,0.0,,,,0.0,,,,0.0,,,0.0,,,,,,,,0.0,0.0,0.0,,,,,5.0,,,,
2020-02-12,,,,,,,,,,0.0,,,,,,,,0.0,,,,,,,,,,,,,1.0,,1.0,,,,,,,444.0,,,,,,,,,,,,,,,,,,,,,,,,,,1.0,2.0,,,,,0.0,,,,,,,,,,,,,,,,1.0,,,0.0,,,,,,0.0,,,0.0,,,,,,,,,,,,,,,,,,1.0,,,0.0,,,,,,,,,,,,,,,,,1.0,,,,,,,,,0.0,,,,,,,1.0,,,,,,,2.0,,,,,,,,,,,,,,6.0,,,,,4.0,,0.0,0.0,,,,0.0,,,,0.0,,,0.0,,,,,,,,1.0,1.0,0.0,,,,,0.0,,,,
2020-02-13,,,,,,,,,,6.0,,,,,,,,0.0,,,,,,,,,,,,,0.0,,0.0,,,,,,,1134.0,,,,,,,,,,,,,,,,,,,,,,,,,,0.0,0.0,,,,,1.0,,,,,,,,,,,,,,,,0.0,,,0.0,,,,,,0.0,,,0.0,,,,,,,,,,,,,,,,,,1.0,,,0.0,,,,,,,,,,,,,,,,,0.0,,,,,,,,,0.0,,,,,,,0.0,,,,,,,0.0,,,,,,,,,,,,,,0.0,,,,,0.0,,0.0,0.0,,,,0.0,,,,0.0,,,2.0,,,,,,,,0.0,0.0,0.0,,,,,1.0,,,,
2020-02-14,,,,,,,,,,0.0,,,,,,,,0.0,,,,,,,,,,,,,0.0,,0.0,,,,,,,1760.0,,,,,,,,,,,,,,,,,,,,,,,,,,0.0,0.0,,,,,0.0,,,,,,,,,,,,,,,,0.0,,,0.0,,,,,,0.0,,,0.0,,,,,,,,,,,,,,,,,,0.0,,,0.0,,,,,,,,,,,,,,,,,0.0,,,,,,,,,0.0,,,,,,,0.0,,,,,,,0.0,,,,,,,,,,,,,,2.0,,,,,0.0,,0.0,0.0,,,,0.0,,,,1.0,,,0.0,,,,,,,,0.0,0.0,0.0,,,,,0.0,,,,
2020-02-15,,,,,,,,,,0.0,,,,,,,,0.0,,,,,,,,,,,,,0.0,,0.0,,,,,,,1321.0,,,,,,,,,,,,,,,,,0.0,,,,,,,,,0.0,2.0,,,,,0.0,,,,,,,,,,,,,,,,0.0,,,0.0,,,,,,0.0,,,3.0,,,,,,,,,,,,,,,,,,0.0,,,4.0,,,,,,,,,,,,,,,,,0.0,,,,,,,,,0.0,,,,,,,0.0,,,,,,,0.0,,,,,,,,,,,,,,1.0,,,,,2.0,,2.0,0.0,,,,0.0,,,,0.0,,,0.0,,,,,,,,2.0,0.0,0.0,,,,,0.0,,,,
2020-02-16,,,,,,,,,,0.0,,,,,,,,0.0,,,,,,,,,,,,,0.0,,0.0,,,,,,,1454.0,,,,,,,,,,,,,,,,,0.0,,,,,,,,,0.0,0.0,,,,,0.0,,,,,,,,,,,,,,,,1.0,,,3.0,,,,,,0.0,,,0.0,,,,,,,,,,,,,,,,,,2.0,,,0.0,,,,,,,,,,,,,,,,,0.0,,,,,,,,,0.0,,,,,,,0.0,,,,,,,0.0,,,,,,,,,,,,,,0.0,,,,,0.0,,0.0,0.0,,,,0.0,,,,0.0,,,2.0,,,,,,,,1.0,7.0,0.0,,,,,0.0,,,,
2020-02-17,,,,,,,,,,2.0,,,,,,,,1.0,,,,,,,,,,,,,0.0,,0.0,,,,,,,1707.0,,,,,,,,,,,,,,,,,0.0,,,,,,,,,0.0,0.0,,,,,0.0,,,,,,,,,,,,,,,,0.0,,,0.0,,,,,,0.0,,,0.0,,,,,,,,,,,,,,,,,,0.0,,,0.0,,,,,,,,,,,,,,,,,0.0,,,,,,,,,0.0,,,,,,,0.0,,,,,,,0.0,,,,,,,,,,,,,,6.0,,,,,1.0,,0.0,0.0,,,,0.0,,,,0.0,,,1.0,,,,,,,,0.0,0.0,0.0,,,,,0.0,,,,
2020-02-18,,,,,,,,,,0.0,,,,,,,,0.0,,,,,,,,,,,,,0.0,,0.0,,,,,,,1744.0,,,,,,,,,,,,,,,,,0.0,,,,,,,,,0.0,0.0,,,,,11.0,,,,,,,,,,,,,,,,0.0,,,0.0,,,,,,0.0,,,1.0,,,,,,,,,,,,,,,,,,0.0,,,6.0,,,,,,,,,,,,,,,,,0.0,,,,,,,,,0.0,,,,,,,0.0,,,,,,,0.0,,,,,,,,,,,,,,5.0,,,,,2.0,,0.0,0.0,,,,0.0,,,,0.0,,,0.0,,,,,,,,0.0,0.0,0.0,,,,,0.0,,,,
2020-02-19,,,,,,,,,,0.0,,,,,,,,0.0,,,,,,,,,,,,,0.0,,0.0,,,,,,,1753.0,,,,,,,,,,,,,,,,,0.0,,,,,,,,,0.0,0.0,,,,,0.0,,,,,,,,,,,,,,,,3.0,,,0.0,,,,,,0.0,,,5.0,,,,,,,,,,,,,,,,,,0.0,,,2.0,,,,,,,,,,,,,,,,,0.0,,,,,,,,,1.0,,,,,,,0.0,,,,,,,0.0,,,,,,,,,,,,,,5.0,,,,,0.0,,0.0,0.0,,,,0.0,,,,0.0,,,0.0,,,,,,,,0.0,0.0,0.0,,,,,0.0,,,,
2020-02-20,,,,,,,,,,0.0,,,,,,,,0.0,,,,,,,,,,,,,0.0,,0.0,,,,,,,2050.0,,,,,,,,,,,,,,,,,0.0,,,,,,,,,0.0,0.0,,,,,0.0,,,,,,,,,,,,,,,,1.0,,,0.0,,0.0,,,,0.0,,,0.0,,,,,,,,,,,,,,,,,,1.0,,,0.0,,,,,,,,,,,,,,,,,0.0,,,,,,,,,0.0,,,,,,,0.0,,,,,,,0.0,,,,,,,,,,,,,,0.0,,,,,4.0,,0.0,0.0,,,,0.0,,,,0.0,,,0.0,,,,,,,,0.0,0.0,0.0,,,,,0.0,,,,
2020-02-21,,,,,,,,,,1.0,,,,,,,,0.0,,,,,,,,,,,,,0.0,,2.0,,,,,,,691.0,,,,,,,,,,,,,,,,,0.0,,,,,,,,,0.0,0.0,,,,,2.0,,,,,,,,,,,,,,,,-1.0,,,0.0,,0.0,,,,0.0,,,4.0,,,,,,,,,,,,,,,,,,0.0,,,0.0,,,,,,,,,,,,,,,,,0.0,,,,,,,,,0.0,,,,,,,0.0,,,,,,,0.0,,,,,,,,,,,,,,3.0,,,,,0.0,,0.0,0.0,,,,0.0,,,,0.0,,,2.0,,,,,,,,0.0,0.0,2.0,,,,,7.0,,,,
2020-02-22,,,,,,,,,,0.0,,,,,,,,0.0,,,,,,,,,,,,,0.0,,0.0,,,,,,,3994.0,,,,,,,,,,,,,,,,,0.0,,,,,,,,,0.0,0.0,,,,,0.0,,,,,,,,,,,,,,,,1.0,,,0.0,,0.0,,,0.0,1.0,,,0.0,,,,,,,,,,0.0,,,,,,,,0.0,,,0.0,,,,,,,,,,,,,,,,,0.0,,,,,,,,,0.0,,,,,,,0.0,,,,,,,0.0,,,,,,,,,,,,,,0.0,,,,,0.0,,0.0,0.0,,,,0.0,,,,0.0,,,0.0,,,,,,,,0.0,0.0,0.0,,,,,0.0,,,,
2020-02-23,,,,,,,,,,0.0,,,,,,,,0.0,,,,,,,,,,,,,0.0,,0.0,,,,,,,483.0,,,,,,,,,,,,,,,,,0.0,,,,,,,,,0.0,0.0,,,,,0.0,,,,,,,,,,,,,,,,5.0,,,0.0,,0.0,,,0.0,1.0,,,0.0,,,,,,,,,,0.0,,,,,,,,0.0,,,0.0,,,,,,,,,,,,,,,,,0.0,,,,,,,,,-1.0,,,,,,,0.0,,,,,,,0.0,,,,,,,,,,,,,,14.0,,,,,2.0,,0.0,0.0,,,,0.0,,,,0.0,,,4.0,,,,,,,,0.0,0.0,0.0,,,,,0.0,,,,
2020-02-24,,,,,,,,,,0.0,,,,,,,,0.0,,,,,,,,,,,,,0.0,,0.0,,,,,,,1820.0,,,,,,,,,,,,,,,,,0.0,,,,,,,,,0.0,0.0,,,,,0.0,,,,,,,,,,,,,,,,8.0,,,0.0,,0.0,0.0,,0.0,-1.0,,,0.0,,,,,,,,,,0.0,,,,,,,,0.0,,,3.0,,,,,,,,,,,,,,,,,0.0,,,,,,,,,0.0,,,,,,,0.0,,,,,,,0.0,,,,,,,,,,,,,,0.0,,,,,0.0,,0.0,0.0,,,,0.0,,,,3.0,,,0.0,,,,,,,,0.0,0.0,0.0,,,,,0.0,,,,
2020-02-25,0.0,,,,,,,,,0.0,,,,0.0,,,,0.0,,,,,,,,,,,,,0.0,,0.0,,,,,,,2660.0,,,,,,,,,,,,,,,,,0.0,,,,,,,,,0.0,7.0,,,,,0.0,,,,,,,,,,,,,,,,0.0,,,0.0,,0.0,0.0,,0.0,0.0,,,0.0,,,,,,0.0,,,,0.0,,,,,,,,1.0,,,0.0,,,,,,,,,,,,,,,,,0.0,,,,,,,,0.0,0.0,,,,,,,0.0,,,,,,,0.0,,,,,,,,,,,,,,2.0,,,,,4.0,,0.0,0.0,,,,0.0,,,,0.0,,,1.0,,,,,,,,0.0,0.0,1.0,,,,,2.0,,,,
2020-02-26,0.0,,0.0,,,,,,,0.0,0.0,,,0.0,,,,0.0,,,,,,,0.0,,,,,,0.0,,0.0,,,,,,,2403.0,,,,,0.0,,,,,,,,,,,,0.0,,,,,,,,,0.0,0.0,,,,,1.0,,,,,,,,,,,,,,,,5.0,,,0.0,,49.0,0.0,,0.0,2.0,,,0.0,,,,,,0.0,,,,0.0,,,,,,,,0.0,,,0.0,,,,,,,,,,,,,,,,,0.0,,,,,,,,0.0,10.0,,,,,,,0.0,,,,,,,0.0,,,,,,,,,,,,,,9.0,,,,,0.0,,0.0,0.0,,,,0.0,0.0,,,0.0,,,0.0,,,,,,,,0.0,0.0,0.0,,,,,0.0,,,,
2020-02-27,0.0,,0.0,,,,,,,0.0,0.0,,,0.0,,,,0.0,,,,,,,0.0,,,,,,0.0,,3.0,,,,,,,2845.0,,,,,0.0,,,,,,,,,,,,0.0,,,,,,,,,0.0,0.0,,,,0.0,1.0,,,0.0,,,,,,,,,,,,,0.0,,,0.0,,0.0,0.0,,1.0,42.0,,,0.0,,,,,,0.0,,,,0.0,,,,,,,,1.0,,,0.0,,,,,,,,,,,,,,,,,0.0,,,,,,0.0,0.0,0.0,0.0,0.0,,,,,,0.0,,,,,,0.0,0.0,,,,,,,,,,,,,,0.0,,,,,0.0,,0.0,0.0,,,,0.0,0.0,,,0.0,,,0.0,,,,,,,,0.0,0.0,0.0,,,,,0.0,,,,
2020-02-28,0.0,,0.0,,,,,,,0.0,0.0,,,0.0,,,,0.0,,,,,,,0.0,,,,,,0.0,,0.0,,,,,,,3393.0,,,,,0.0,,,,,,0.0,,,,,,1.0,,,,0.0,,,,,0.0,0.0,,,,0.0,0.0,,,0.0,,,,,,,,,,,,,6.0,,,0.0,,24.0,0.0,,0.0,1.0,,,0.0,,,,,,0.0,,,,0.0,,,,,,,,0.0,,,0.0,,,,,,,,0.0,,,,,,,,,0.0,0.0,,,,,0.0,0.0,0.0,0.0,0.0,,,,,,0.0,,,,,,0.0,0.0,,,,,,,0.0,,,,,,,0.0,,,,,0.0,,0.0,0.0,,,,0.0,0.0,,,1.0,,,6.0,,,,,,,,1.0,0.0,1.0,,,,,0.0,,,,
2020-02-29,0.0,,0.0,,,,,,,0.0,0.0,,,0.0,,,0.0,0.0,,,,,,,0.0,,,,,,0.0,,0.0,,,,,,,2988.0,,,,,0.0,,,,,,0.0,,,,,,0.0,,,,0.0,,,,,0.0,1.0,,,,0.0,0.0,,,0.0,,,,,,,,,,,,,3.0,,0.0,0.0,,50.0,0.0,0.0,0.0,0.0,,,10.0,,,,,,0.0,,,,0.0,,,,,0.0,,,0.0,,,0.0,,,,,,,,0.0,,,,,,,,,0.0,0.0,0.0,,,0.0,0.0,0.0,1.0,0.0,0.0,,,,,,0.0,,,,,,0.0,0.0,,,,,,,0.0,,,,,,,10.0,,,,,5.0,,0.0,0.0,,,,0.0,0.0,,,3.0,,,0.0,,,,,,,,0.0,0.0,0.0,,,,,0.0,,,,
2020-03-01,0.0,,0.0,,,,,,,0.0,0.0,0.0,,0.0,,,0.0,0.0,,,,,,,0.0,,,,,,0.0,,0.0,,,,,,,2839.0,,,,,0.0,,,,,,0.0,,,,,,0.0,,,,0.0,,,,,0.0,0.0,,,,0.0,0.0,,,0.0,,,,,,,,,,,,,3.0,,0.0,0.0,,52.0,0.0,0.0,0.0,37.0,,,0.0,,,,,,0.0,,,,0.0,,,,,0.0,0.0,,0.0,,,0.0,,,,,,,,0.0,,0.0,,,,,,,0.0,0.0,0.0,,,0.0,0.0,0.0,0.0,0.0,0.0,,,,,,0.0,,,,0.0,,0.0,0.0,,,,,,,0.0,,,,,,,0.0,,,,,3.0,,0.0,0.0,,,,0.0,0.0,,,0.0,,,0.0,,,,,,,,0.0,0.0,0.0,,,,,0.0,,,,
2020-03-02,0.0,,0.0,,,,,0.0,,0.0,0.0,0.0,,0.0,,,0.0,0.0,,,,,,,0.0,,,,,,0.0,,0.0,,,,,,,2692.0,,,,,0.0,,,,0.0,,0.0,,,,0.0,0.0,0.0,,,,0.0,,,,,0.0,0.0,,,,0.0,0.0,,,0.0,,,,,,,,,,,,,0.0,,0.0,0.0,,116.0,0.0,0.0,0.0,66.0,,,0.0,,,,,,0.0,,,,0.0,,,,,0.0,0.0,,0.0,,,0.0,,,,,,,,0.0,,0.0,,,,,,,0.0,0.0,0.0,,,0.0,0.0,0.0,0.0,0.0,0.0,,,,,,0.0,,,,0.0,,0.0,0.0,,,,,,,0.0,,,,,,,6.0,,,,,0.0,,0.0,0.0,,,,0.0,0.0,,,3.0,,,3.0,,,,,,,,0.0,0.0,0.0,,,,,0.0,,,,
2020-03-03,0.0,,0.0,0.0,,,,0.0,,0.0,0.0,0.0,,0.0,,,0.0,0.0,,,,,,,0.0,,,,,,0.0,,0.0,,,,,,,2594.0,,,,,0.0,,,,0.0,,0.0,,,,0.0,0.0,0.0,,,,0.0,,,,,0.0,0.0,,,,0.0,0.0,,,0.0,,,,,,,,,,,,,1.0,,0.0,0.0,0.0,0.0,0.0,0.0,0.0,11.0,,,11.0,,,,,,0.0,,,0.0,0.0,,,,,0.0,0.0,,1.0,,,4.0,,,,,,,,1.0,,0.0,,,0.0,,,,0.0,0.0,0.0,,,0.0,0.0,0.0,1.0,0.0,0.0,,,,,,0.0,,0.0,,0.0,,0.0,0.0,,,,,,,0.0,,0.0,0.0,,,,0.0,,,,,0.0,,0.0,0.0,,,,0.0,2.0,,,0.0,,,0.0,,,,,,,,0.0,0.0,1.0,,,,,0.0,,,,
2020-03-04,0.0,,0.0,0.0,,,0.0,0.0,,0.0,0.0,0.0,,0.0,,,0.0,0.0,,,,,,,0.0,,,,,,0.0,,0.0,,,,,,0.0,2551.0,,,,,0.0,,,,0.0,,0.0,,,,0.0,0.0,0.0,,,,0.0,,,,,0.0,0.0,,,,0.0,0.0,,,0.0,,,,,,,,,,,,,0.0,,0.0,0.0,0.0,261.0,0.0,0.0,0.0,116.0,,,0.0,,0.0,,,,0.0,,,0.0,1.0,,,,,0.0,0.0,,0.0,,,0.0,,,,,,,,0.0,,0.0,,,0.0,,,,0.0,0.0,0.0,,,0.0,0.0,0.0,0.0,0.0,0.0,,,,,,0.0,,0.0,,0.0,,1.0,0.0,,,,,,,0.0,,0.0,0.0,,,,0.0,,,,,11.0,,0.0,0.0,,,,0.0,1.0,,,0.0,,,0.0,,,,,,,0.0,0.0,0.0,0.0,,,,,0.0,,,,
2020-03-05,0.0,,0.0,0.0,,,0.0,0.0,,10.0,0.0,0.0,,0.0,,,0.0,0.0,,,,,,,0.0,,,,,,0.0,,0.0,,,,,,0.0,2285.0,,,,,0.0,,,,0.0,,0.0,,,,0.0,0.0,0.0,,,,0.0,,,0.0,,0.0,0.0,,,,0.0,0.0,,0.0,0.0,,,,,,,,,,,,,6.0,0.0,0.0,0.0,0.0,187.0,0.0,0.0,0.0,138.0,,,0.0,,0.0,,,,0.0,,,0.0,0.0,,,,0.0,0.0,0.0,,0.0,,,0.0,,,,,,,,0.0,,0.0,,,0.0,,,,0.0,0.0,0.0,,,0.0,0.0,0.0,0.0,0.0,0.0,,,,,,0.0,0.0,0.0,,0.0,,0.0,0.0,,0.0,,,,,0.0,,0.0,0.0,,,,0.0,,,,,0.0,,0.0,0.0,,,,0.0,0.0,,,0.0,,,0.0,,,,0.0,,,0.0,0.0,0.0,0.0,,,,,0.0,,,,
2020-03-06,0.0,,0.0,0.0,,,0.0,0.0,,0.0,0.0,0.0,,4.0,,,0.0,0.0,,,,,0.0,,0.0,,,,,,0.0,,0.0,,,,,,0.0,1648.0,0.0,,,,0.0,,,,0.0,,1.0,,,,0.0,0.0,0.0,,,,0.0,,,0.0,,0.0,0.0,,,,0.0,1.0,,0.0,0.0,,,,,,,,,,,,,3.0,0.0,0.0,0.0,0.0,174.0,0.0,0.0,1.0,109.0,,,3.0,,0.0,,,,0.0,,,0.0,0.0,,,,0.0,0.0,0.0,,1.0,,,0.0,,,,,,,,0.0,,0.0,,,0.0,,,,0.0,0.0,0.0,,,0.0,0.0,0.0,0.0,30.0,0.0,0.0,,,,,0.0,0.0,0.0,,0.0,,0.0,0.0,,0.0,,,,,0.0,,0.0,0.0,,,,0.0,,0.0,,0.0,94.0,,0.0,0.0,,,,0.0,0.0,,,0.0,,,0.0,,,,0.0,,,0.0,0.0,0.0,0.0,,,,,0.0,,,,
2020-03-07,0.0,,0.0,0.0,,,0.0,0.0,,0.0,0.0,0.0,,0.0,,,0.0,0.0,,,0.0,,0.0,,0.0,,,,,,0.0,0.0,2.0,,,,,,0.0,1590.0,0.0,,,0.0,0.0,,,,0.0,,0.0,,,,0.0,0.0,0.0,,,,0.0,,,0.0,,0.0,0.0,,,,0.0,1.0,,0.0,0.0,,,,,,,,,,,,,5.0,0.0,0.0,0.0,0.0,756.0,0.0,0.0,0.0,66.0,,,30.0,,0.0,,,,0.0,,,0.0,0.0,,,,0.0,0.0,0.0,,0.0,,,1.0,,,,,,,,0.0,,0.0,,,0.0,,,,0.0,0.0,0.0,,,0.0,0.0,0.0,0.0,0.0,0.0,0.0,,,,0.0,0.0,0.0,0.0,,0.0,,2.0,0.0,,0.0,,,,,0.0,,0.0,0.0,0.0,,,0.0,0.0,0.0,,0.0,0.0,,28.0,0.0,,,,0.0,0.0,,,0.0,,,0.0,,0.0,,0.0,,,0.0,2.0,10.0,0.0,,,0.0,,0.0,,,,
2020-03-08,0.0,,0.0,0.0,,,0.0,0.0,,0.0,0.0,0.0,,0.0,,,0.0,0.0,,,0.0,,0.0,,0.0,,,,,,0.0,0.0,0.0,,,,,,0.0,1842.0,0.0,,,0.0,0.0,,,,0.0,,0.0,,,,0.0,0.0,0.0,,,,0.0,,,0.0,,0.0,0.0,0.0,,,0.0,0.0,,0.0,0.0,,,,,,,,,,,,,7.0,0.0,0.0,0.0,0.0,465.0,0.0,0.0,0.0,33.0,,,0.0,,0.0,,,,1.0,,,0.0,0.0,,,,0.0,0.0,0.0,,0.0,,,1.0,,,0.0,0.0,,,,0.0,,0.0,,,0.0,,,,0.0,0.0,0.0,,,0.0,0.0,0.0,0.0,0.0,1.0,0.0,,,,0.0,0.0,0.0,0.0,,0.0,,0.0,1.0,,0.0,,,,,0.0,,0.0,1.0,0.0,,,0.0,0.0,0.0,,0.0,-17.0,,0.0,0.0,,,,0.0,0.0,,,1.0,,,0.0,,0.0,,0.0,,,0.0,0.0,0.0,0.0,,,0.0,,0.0,,,,
2020-03-09,0.0,,0.0,0.0,,,0.0,0.0,,0.0,2.0,0.0,,10.0,0.0,,1.0,0.0,,,0.0,,0.0,,0.0,,0.0,,,,0.0,0.0,0.0,,,,,,0.0,1415.0,0.0,,,0.0,0.0,,,,0.0,,0.0,,,,0.0,0.0,11.0,,,,0.0,,,0.0,,0.0,0.0,0.0,,,0.0,0.0,,0.0,0.0,,,,,,,,,,,,,1.0,0.0,0.0,0.0,0.0,260.0,9.0,0.0,0.0,102.0,,,0.0,,0.0,,,,0.0,,,0.0,0.0,,,,0.0,0.0,0.0,,0.0,,,0.0,0.0,,0.0,0.0,,,,0.0,0.0,0.0,,,0.0,,,,0.0,0.0,0.0,,,0.0,0.0,1.0,0.0,0.0,0.0,0.0,,,0.0,0.0,0.0,0.0,0.0,,0.0,,0.0,0.0,,0.0,,,,,0.0,,0.0,0.0,0.0,,,0.0,0.0,0.0,,0.0,0.0,,2.0,0.0,,,,1.0,0.0,,,2.0,,,0.0,,0.0,,0.0,,,0.0,0.0,0.0,0.0,,,0.0,,0.0,,,,
2020-03-10,0.0,0.0,0.0,0.0,,,0.0,0.0,,0.0,2.0,0.0,,8.0,0.0,,2.0,0.0,,,0.0,,0.0,,0.0,0.0,0.0,,,,0.0,0.0,0.0,,,,,,0.0,1371.0,0.0,,,0.0,0.0,,,0.0,0.0,,0.0,,,,0.0,0.0,-11.0,,,,0.0,,,0.0,,0.0,0.0,0.0,,,0.0,0.0,,1.0,0.0,,,,,,,,,,,,,6.0,0.0,1.0,1.0,2.0,337.0,-6.0,0.0,2.0,0.0,,,25.0,,0.0,,,,0.0,,,1.0,0.0,,,,0.0,0.0,0.0,,0.0,,,0.0,0.0,,0.0,0.0,,,,3.0,0.0,0.0,,,0.0,,,,0.0,0.0,0.0,,,0.0,0.0,0.0,7.0,0.0,0.0,0.0,,,0.0,0.0,1.0,0.0,0.0,,0.0,,0.0,0.0,,0.0,,,,,0.0,,1.0,0.0,0.0,,,0.0,0.0,0.0,,0.0,129.0,,0.0,0.0,,,,0.0,0.0,,,,,,2.0,,0.0,,0.0,,,0.0,5.0,0.0,0.0,,,,,0.0,,,,
2020-03-11,0.0,0.0,0.0,0.0,,,0.0,0.0,,0.0,0.0,3.0,,13.0,0.0,,0.0,0.0,,,0.0,,0.0,,0.0,0.0,0.0,0.0,,,0.0,0.0,0.0,,,,,,0.0,1538.0,0.0,,,0.0,0.0,,,0.0,,,0.0,,,,0.0,0.0,26.0,,,,0.0,,,,,0.0,0.0,0.0,,,0.0,7.0,,,0.0,,,,,,,,,,,0.0,,,0.0,0.0,0.0,0.0,228.0,12.0,0.0,0.0,321.0,0.0,,17.0,,0.0,,,,1.0,,,0.0,0.0,,,,0.0,0.0,0.0,,,,,2.0,0.0,,0.0,0.0,,,,0.0,0.0,0.0,0.0,,0.0,,,,0.0,0.0,0.0,,,0.0,0.0,0.0,0.0,285.0,1.0,0.0,0.0,,0.0,0.0,0.0,0.0,0.0,,0.0,,3.0,0.0,,,,,,,0.0,,0.0,0.0,0.0,,,18.0,0.0,0.0,,0.0,41.0,,151.0,0.0,,,,0.0,1.0,,,2.0,,,1.0,,0.0,,0.0,,,0.0,5.0,1.0,0.0,,,,,0.0,,,,
2020-03-12,0.0,0.0,8.0,1.0,,,0.0,0.0,,0.0,0.0,0.0,,0.0,0.0,,0.0,0.0,,,0.0,0.0,0.0,,0.0,0.0,0.0,0.0,,,0.0,0.0,0.0,,,,,,0.0,1257.0,0.0,,0.0,0.0,0.0,,,0.0,,0.0,0.0,,,,0.0,0.0,0.0,,,,0.0,,,,,0.0,0.0,0.0,,,0.0,0.0,,,0.0,,,,,,,,,,,0.0,0.0,,0.0,0.0,0.0,0.0,0.0,0.0,0.0,0.0,0.0,0.0,0.0,0.0,,0.0,,,,3.0,,,0.0,0.0,,,,0.0,0.0,0.0,,,,,0.0,0.0,,0.0,0.0,,,,0.0,0.0,0.0,0.0,,0.0,,,,0.0,0.0,0.0,,,0.0,0.0,0.0,0.0,0.0,0.0,0.0,0.0,,0.0,0.0,0.0,0.0,0.0,,0.0,0.0,0.0,0.0,,,,,,,0.0,,0.0,0.0,0.0,,,0.0,0.0,0.0,,0.0,45.0,,0.0,0.0,,,,0.0,0.0,,,3.0,,,0.0,,0.0,,0.0,0.0,,0.0,0.0,0.0,4.0,,,,,0.0,,,,
2020-03-13,0.0,0.0,0.0,-1.0,,,0.0,0.0,,2.0,2.0,0.0,,9.0,0.0,,0.0,0.0,,,0.0,0.0,0.0,,0.0,0.0,0.0,0.0,,,0.0,0.0,0.0,,,,,,0.0,1295.0,0.0,,0.0,0.0,1.0,0.0,,0.0,,0.0,0.0,,,,0.0,0.0,0.0,,,,0.0,,,,,0.0,0.0,0.0,,,0.0,21.0,,,0.0,,,,,,,,,0.0,,0.0,0.0,,0.0,0.0,0.0,0.0,0.0,9.0,0.0,0.0,394.0,0.0,0.0,0.0,,1.0,,,,0.0,,,0.0,0.0,,,,0.0,0.0,0.0,,,,,0.0,0.0,,1.0,0.0,,,,0.0,0.0,0.0,0.0,,1.0,,,,0.0,0.0,0.0,,,0.0,1.0,0.0,0.0,0.0,0.0,,0.0,,0.0,0.0,0.0,0.0,1.0,,0.0,0.0,1.0,0.0,,,,,,,0.0,,0.0,0.0,0.0,,,1.0,0.0,0.0,,0.0,177.0,,10.0,0.0,,,,0.0,0.0,,,0.0,,,1.0,,0.0,,0.0,0.0,,0.0,0.0,0.0,0.0,,,,,0.0,,,,
2020-03-14,0.0,0.0,4.0,1.0,,0.0,1.0,0.0,0.0,0.0,0.0,0.0,,0.0,0.0,,0.0,0.0,,,0.0,0.0,0.0,,0.0,0.0,0.0,0.0,,,0.0,0.0,0.0,,0.0,,,,0.0,1464.0,0.0,,0.0,0.0,0.0,0.0,,0.0,,0.0,0.0,,,,0.0,0.0,0.0,,,,0.0,,0.0,,,0.0,0.0,0.0,,,0.0,0.0,,,8.0,,,0.0,,,,0.0,,0.0,,0.0,0.0,,1.0,0.0,0.0,6.0,0.0,2.0,0.0,0.0,527.0,0.0,0.0,0.0,,0.0,0.0,0.0,,0.0,,,0.0,0.0,,,,0.0,0.0,0.0,,,,,9.0,0.0,,0.0,0.0,,,,0.0,0.0,0.0,0.0,,0.0,,,,0.0,2.0,0.0,,,0.0,0.0,0.0,0.0,0.0,0.0,0.0,0.0,,0.0,0.0,0.0,0.0,1.0,,4.0,0.0,2.0,5.0,,,,,,,4.0,,0.0,0.0,0.0,,,8.0,0.0,0.0,,0.0,0.0,,324.0,0.0,,0.0,,0.0,0.0,,,0.0,,,0.0,,0.0,,0.0,0.0,,0.0,0.0,0.0,0.0,,,,,0.0,,,,
2020-03-15,0.0,0.0,0.0,0.0,,0.0,0.0,0.0,0.0,0.0,0.0,3.0,,16.0,0.0,,0.0,0.0,,,0.0,0.0,0.0,,0.0,0.0,0.0,0.0,,,0.0,0.0,0.0,,0.0,,,,0.0,1357.0,0.0,,0.0,0.0,0.0,0.0,0.0,0.0,,0.0,0.0,,,,0.0,0.0,-6.0,,,,1.0,0.0,0.0,,,9.0,0.0,,0.0,,0.0,0.0,0.0,,0.0,,,0.0,,0.0,0.0,0.0,,0.0,,0.0,0.0,,0.0,7.0,9.0,0.0,1631.0,0.0,0.0,0.0,369.0,0.0,0.0,0.0,0.0,0.0,0.0,0.0,,0.0,,,0.0,0.0,,,,0.0,1.0,0.0,,,,,7.0,0.0,,0.0,0.0,0.0,,,0.0,0.0,0.0,0.0,,0.0,,,0.0,0.0,0.0,0.0,,,0.0,0.0,0.0,0.0,0.0,0.0,0.0,0.0,,0.0,0.0,0.0,0.0,0.0,,0.0,0.0,0.0,0.0,0.0,,,0.0,,0.0,0.0,,0.0,0.0,0.0,0.0,,0.0,0.0,0.0,,0.0,0.0,,0.0,0.0,,0.0,0.0,0.0,0.0,,,0.0,,,0.0,,0.0,0.0,0.0,0.0,,0.0,6.0,0.0,0.0,0.0,,,0.0,0.0,,,,
2020-03-16,1.0,0.0,0.0,0.0,,0.0,0.0,0.0,0.0,0.0,0.0,0.0,,17.0,2.0,,0.0,0.0,,,0.0,0.0,0.0,,1.0,0.0,0.0,0.0,,,0.0,0.0,1.0,,,0.0,,,0.0,893.0,0.0,,0.0,0.0,1.0,0.0,,0.0,,3.0,0.0,,,,0.0,0.0,6.0,,0.0,,0.0,0.0,0.0,,,0.0,0.0,0.0,0.0,,1.0,21.0,0.0,,0.0,,,0.0,,0.0,0.0,0.0,,0.0,,0.0,0.0,,0.0,-8.0,0.0,0.0,0.0,0.0,0.0,0.0,414.0,0.0,2.0,26.0,0.0,0.0,0.0,0.0,0.0,4.0,,,0.0,0.0,,,,0.0,0.0,0.0,,,,,0.0,0.0,,1.0,0.0,0.0,,,0.0,0.0,0.0,0.0,,0.0,,,0.0,0.0,0.0,0.0,,,0.0,0.0,0.0,0.0,0.0,0.0,0.0,0.0,,0.0,0.0,0.0,13.0,1.0,,0.0,0.0,0.0,0.0,0.0,,,0.0,,0.0,0.0,,1.0,1.0,1.0,0.0,,4.0,0.0,0.0,,0.0,627.0,,13.0,0.0,,0.0,0.0,0.0,0.0,,,0.0,,,0.0,,0.0,0.0,0.0,0.0,,0.0,0.0,2.0,5.0,0.0,0.0,,0.0,0.0,,,,
2020-03-17,0.0,0.0,0.0,0.0,,0.0,2.0,1.0,0.0,0.0,-5.0,0.0,0.0,4.0,1.0,,0.0,0.0,,0.0,0.0,0.0,2.0,,1.0,0.0,0.0,0.0,,,0.0,0.0,0.0,,,0.0,,,0.0,888.0,1.0,,0.0,0.0,2.0,0.0,,0.0,,0.0,0.0,,,,0.0,0.0,5.0,,0.0,,0.0,0.0,0.0,,,0.0,0.0,0.0,0.0,,0.0,0.0,0.0,,0.0,0.0,,0.0,0.0,0.0,0.0,0.0,,0.0,,0.0,0.0,,1.0,0.0,1.0,0.0,799.0,6.0,5.0,7.0,192.0,1.0,0.0,0.0,0.0,0.0,0.0,0.0,0.0,0.0,,,0.0,2.0,,0.0,,0.0,0.0,0.0,,,,,7.0,0.0,,0.0,0.0,0.0,,0.0,0.0,1.0,0.0,0.0,,0.0,,,0.0,0.0,0.0,0.0,,,0.0,0.0,0.0,0.0,0.0,0.0,0.0,0.0,,0.0,1.0,3.0,0.0,0.0,0.0,0.0,0.0,7.0,0.0,0.0,,,0.0,,0.0,0.0,,4.0,0.0,0.0,0.0,,5.0,0.0,0.0,0.0,0.0,270.0,,498.0,0.0,,0.0,0.0,0.0,0.0,,,2.0,,0.0,6.0,,0.0,0.0,0.0,0.0,,0.0,0.0,32.0,0.0,0.0,0.0,,0.0,0.0,,,,
2020-03-18,0.0,0.0,0.0,0.0,,0.0,0.0,0.0,0.0,0.0,8.0,0.0,0.0,7.0,0.0,0.0,2.0,30.0,,0.0,0.0,0.0,0.0,,0.0,0.0,0.0,0.0,,,0.0,0.0,0.0,,,0.0,,,0.0,957.0,0.0,,0.0,0.0,0.0,0.0,,0.0,,0.0,0.0,,,,0.0,0.0,0.0,,0.0,,0.0,0.0,0.0,,,0.0,0.0,0.0,0.0,0.0,0.0,38.0,0.0,,0.0,0.0,,0.0,0.0,0.0,0.0,0.0,,0.0,,0.0,0.0,,0.0,5.0,0.0,3.0,0.0,11.0,0.0,0.0,1084.0,0.0,0.0,0.0,0.0,0.0,0.0,0.0,0.0,6.0,,,0.0,0.0,,0.0,,0.0,0.0,0.0,,,,,11.0,0.0,,0.0,0.0,0.0,,0.0,0.0,0.0,0.0,0.0,0.0,0.0,,,0.0,0.0,0.0,0.0,,,1.0,0.0,0.0,3.0,0.0,0.0,,0.0,,0.0,0.0,0.0,0.0,0.0,0.0,0.0,0.0,3.0,0.0,0.0,,,0.0,,0.0,0.0,,0.0,0.0,0.0,0.0,,0.0,0.0,0.0,0.0,0.0,133.0,,53.0,0.0,,0.0,0.0,0.0,11.0,,,0.0,,0.0,1.0,,0.0,0.0,0.0,0.0,,0.0,3.0,14.0,89.0,0.0,0.0,,0.0,0.0,,,,
2020-03-19,0.0,0.0,20.0,0.0,,0.0,0.0,0.0,0.0,3.0,0.0,0.0,0.0,12.0,0.0,0.0,0.0,0.0,,0.0,0.0,0.0,0.0,,0.0,0.0,0.0,0.0,,,0.0,0.0,0.0,,,0.0,,,0.0,780.0,0.0,,0.0,0.0,1.0,0.0,,0.0,,0.0,0.0,,0.0,,0.0,0.0,0.0,,0.0,,0.0,0.0,0.0,,,0.0,0.0,0.0,0.0,0.0,0.0,8.0,0.0,,0.0,0.0,,0.0,0.0,0.0,0.0,0.0,,0.0,,0.0,0.0,,0.0,0.0,1.0,0.0,321.0,0.0,0.0,0.0,415.0,0.0,0.0,6.0,0.0,0.0,0.0,0.0,0.0,3.0,0.0,,0.0,1.0,,0.0,,0.0,0.0,0.0,,,,,15.0,0.0,,0.0,0.0,0.0,0.0,0.0,0.0,0.0,0.0,0.0,0.0,0.0,,,0.0,0.0,0.0,0.0,,,0.0,0.0,0.0,0.0,0.0,11.0,,0.0,,0.0,0.0,3.0,-12.0,0.0,0.0,0.0,0.0,6.0,1.0,0.0,,,0.0,,0.0,0.0,,0.0,0.0,0.0,0.0,,0.0,0.0,0.0,0.0,0.0,0.0,,26.0,2.0,,0.0,0.0,15.0,0.0,,,4.0,,0.0,0.0,,0.0,0.0,0.0,0.0,,0.0,5.0,0.0,2.0,0.0,0.0,,0.0,0.0,,,0.0,
2020-03-20,0.0,0.0,0.0,0.0,,0.0,0.0,0.0,,0.0,0.0,0.0,0.0,0.0,0.0,0.0,0.0,-30.0,,0.0,0.0,0.0,0.0,,0.0,1.0,0.0,0.0,,,0.0,0.0,0.0,,,0.0,0.0,,6.0,731.0,0.0,,0.0,0.0,0.0,0.0,,0.0,,1.0,0.0,,0.0,,0.0,0.0,7.0,0.0,0.0,,0.0,0.0,0.0,,0.0,0.0,0.0,0.0,0.0,0.0,0.0,67.0,0.0,,11.0,0.0,,0.0,0.0,0.0,0.0,0.0,,0.0,,0.0,0.0,,0.0,0.0,5.0,4.0,1035.0,6.0,0.0,3.0,0.0,0.0,0.0,41.0,0.0,0.0,0.0,0.0,0.0,0.0,0.0,,0.0,0.0,,0.0,,0.0,0.0,0.0,,,,,12.0,0.0,,0.0,0.0,0.0,0.0,0.0,0.0,0.0,0.0,0.0,0.0,0.0,,,0.0,0.0,0.0,0.0,0.0,,0.0,0.0,0.0,0.0,0.0,0.0,,0.0,,0.0,0.0,0.0,0.0,2.0,0.0,6.0,0.0,0.0,0.0,0.0,,,0.0,,0.0,0.0,,2.0,0.0,0.0,0.0,,10.0,0.0,0.0,0.0,0.0,0.0,,481.0,0.0,,0.0,0.0,0.0,0.0,,,0.0,,0.0,0.0,,1.0,0.0,0.0,0.0,,0.0,0.0,0.0,39.0,0.0,0.0,,0.0,0.0,,,0.0,
2020-03-21,0.0,2.0,0.0,0.0,0.0,0.0,0.0,0.0,,0.0,0.0,5.0,0.0,25.0,0.0,0.0,10.0,262.0,,0.0,0.0,0.0,0.0,,0.0,1.0,3.0,5.0,,0.0,0.0,0.0,1.0,,,0.0,0.0,,0.0,591.0,0.0,,0.0,2.0,0.0,0.0,,0.0,,2.0,0.0,,0.0,,0.0,3.0,2.0,0.0,0.0,,0.0,0.0,0.0,,0.0,0.0,0.0,6.0,0.0,0.0,0.0,53.0,0.0,,0.0,0.0,,0.0,0.0,0.0,0.0,0.0,,0.0,0.0,0.0,0.0,,5.0,17.0,3.0,0.0,890.0,2.0,0.0,22.0,1632.0,0.0,0.0,41.0,0.0,0.0,0.0,0.0,0.0,9.0,0.0,,0.0,0.0,,0.0,,0.0,0.0,0.0,,,0.0,,27.0,0.0,,0.0,0.0,0.0,0.0,0.0,0.0,0.0,0.0,0.0,0.0,2.0,,,0.0,0.0,0.0,0.0,0.0,0.0,0.0,0.0,0.0,0.0,0.0,0.0,,0.0,0.0,0.0,0.0,5.0,0.0,0.0,0.0,17.0,0.0,27.0,3.0,0.0,,,0.0,,0.0,0.0,,8.0,3.0,0.0,0.0,,16.0,0.0,0.0,0.0,0.0,0.0,,537.0,-2.0,,0.0,0.0,0.0,0.0,,,2.0,,0.0,0.0,,0.0,1.0,0.0,0.0,,1.0,7.0,0.0,24.0,0.0,0.0,,0.0,1.0,,,0.0,0.0
2020-03-22,0.0,0.0,33.0,0.0,0.0,0.0,24.0,1.0,,66.0,0.0,0.0,0.0,24.0,0.0,0.0,0.0,0.0,,0.0,0.0,0.0,0.0,,0.0,0.0,0.0,0.0,,0.0,1.0,2.0,-10.0,,,0.0,0.0,,2.0,505.0,2.0,,0.0,0.0,0.0,0.0,,3.0,,0.0,3.0,,0.0,,0.0,0.0,15.0,0.0,0.0,0.0,3.0,0.0,0.0,,0.0,0.0,2189.0,,0.0,0.0,0.0,33.0,0.0,,0.0,,,,,0.0,,0.0,,0.0,0.0,0.0,0.0,,9.0,-17.0,1.0,14.0,0.0,6.0,0.0,1.0,952.0,0.0,0.0,3.0,,0.0,0.0,0.0,,3.0,0.0,,0.0,4.0,,0.0,,0.0,0.0,6.0,,,0.0,,25.0,3.0,,0.0,,0.0,0.0,,0.0,0.0,1.0,0.0,0.0,0.0,,,0.0,0.0,1.0,0.0,0.0,0.0,1.0,0.0,5.0,5.0,242.0,0.0,,1.0,0.0,0.0,0.0,2.0,12.0,0.0,,6.0,,12.0,4.0,0.0,,,0.0,,0.0,0.0,,1.0,0.0,1.0,0.0,,4.0,7.0,0.0,0.0,2.0,1369.0,,0.0,2.0,,0.0,0.0,0.0,116.0,,,0.0,,0.0,2.0,0.0,-1.0,-1.0,1.0,0.0,0.0,0.0,0.0,28.0,-171.0,0.0,0.0,,15.0,0.0,,,0.0,0.0
2020-03-23,0.0,0.0,0.0,0.0,0.0,0.0,0.0,0.0,,27.0,0.0,-1.0,0.0,15.0,2.0,0.0,7.0,138.0,,0.0,0.0,0.0,0.0,,0.0,0.0,0.0,0.0,,0.0,0.0,0.0,0.0,,,0.0,0.0,,3.0,457.0,0.0,,0.0,0.0,0.0,0.0,,0.0,,1.0,20.0,,0.0,0.0,3.0,0.0,12.0,0.0,0.0,0.0,0.0,0.0,0.0,,0.0,0.0,6.0,,0.0,0.0,7.0,187.0,0.0,,10.0,,0.0,,,0.0,,0.0,,0.0,0.0,0.0,0.0,,0.0,46.0,10.0,1.0,741.0,5.0,0.0,4.0,408.0,1.0,0.0,0.0,,0.0,0.0,0.0,,0.0,0.0,,0.0,0.0,,0.0,,0.0,0.0,0.0,,,0.0,,20.0,2.0,,0.0,,0.0,0.0,,0.0,1.0,0.0,0.0,0.0,2.0,0.0,,0.0,0.0,0.0,0.0,0.0,0.0,0.0,0.0,0.0,0.0,0.0,0.0,,0.0,0.0,0.0,0.0,3.0,0.0,9.0,,0.0,,9.0,1.0,0.0,,,0.0,,0.0,0.0,,2.0,3.0,1.0,0.0,,8.0,0.0,0.0,0.0,2.0,257.0,,1230.0,-1.0,,0.0,0.0,0.0,0.0,0.0,,0.0,,0.0,8.0,0.0,0.0,0.0,0.0,0.0,0.0,0.0,3.0,45.0,0.0,0.0,0.0,,0.0,0.0,,,0.0,0.0
2020-03-24,0.0,8.0,-41.0,0.0,0.0,0.0,25.0,12.0,,0.0,0.0,0.0,1.0,13.0,0.0,0.0,0.0,60.0,0.0,0.0,0.0,0.0,0.0,,0.0,0.0,0.0,2.0,,0.0,2.0,0.0,110.0,,,0.0,0.0,,6.0,455.0,3.0,,0.0,0.0,0.0,1.0,,0.0,,3.0,12.0,,0.0,0.0,0.0,0.0,12.0,0.0,0.0,0.0,3.0,0.0,0.0,,0.0,0.0,1081.0,,0.0,0.0,1.0,2790.0,0.0,,0.0,,0.0,,,0.0,,0.0,,0.0,0.0,0.0,0.0,,5.0,0.0,6.0,0.0,537.0,13.0,0.0,12.0,894.0,0.0,0.0,50.0,,0.0,0.0,0.0,,9.0,0.0,,0.0,0.0,,0.0,,0.0,0.0,0.0,,,0.0,,24.0,0.0,,0.0,,0.0,0.0,,0.0,0.0,0.0,0.0,0.0,1.0,0.0,,2.0,0.0,0.0,12.0,0.0,0.0,0.0,0.0,0.0,0.0,,5.0,,0.0,0.0,0.0,0.0,2.0,-12.0,8.0,,8.0,,6.0,5.0,0.0,,,0.0,,0.0,0.0,,9.0,0.0,12.0,0.0,,4.0,0.0,3.0,0.0,0.0,341.0,,439.0,0.0,,0.0,0.0,0.0,0.0,0.0,,1.0,,0.0,0.0,0.0,1.0,0.0,0.0,0.0,0.0,0.0,4.0,0.0,348.0,0.0,0.0,,0.0,0.0,,,0.0,0.0
2020-03-25,1.0,7.0,41.0,0.0,0.0,0.0,0.0,2.0,,0.0,0.0,0.0,0.0,0.0,2.0,0.0,7.0,86.0,0.0,0.0,0.0,0.0,0.0,,0.0,0.0,1.0,3.0,,0.0,6.0,0.0,73.0,,,0.0,0.0,,5.0,493.0,2.0,,0.0,0.0,17.0,0.0,,0.0,,0.0,5.0,,0.0,0.0,0.0,0.0,15.0,0.0,0.0,0.0,1.0,0.0,0.0,,0.0,0.0,619.0,,0.0,0.0,1.0,304.0,0.0,,7.0,,0.0,,,4.0,,0.0,,0.0,0.0,0.0,0.0,,0.0,5.0,3.0,1.0,712.0,28.0,0.0,5.0,1036.0,1.0,0.0,25.0,,0.0,0.0,1.0,,4.0,0.0,0.0,0.0,12.0,,0.0,0.0,0.0,0.0,0.0,,,0.0,,16.0,3.0,,0.0,,0.0,0.0,,0.0,0.0,0.0,0.0,0.0,1.0,0.0,,0.0,0.0,1.0,10.0,0.0,0.0,0.0,0.0,0.0,0.0,,3.0,,0.0,0.0,0.0,0.0,6.0,6.0,0.0,,0.0,,7.0,7.0,0.0,,,0.0,,0.0,0.0,,1.0,1.0,0.0,0.0,,4.0,0.0,7.0,0.0,8.0,223.0,,1573.0,1.0,,0.0,0.0,0.0,0.0,0.0,,0.0,,0.0,18.0,0.0,0.0,0.0,1.0,26.0,0.0,0.0,7.0,0.0,13.0,0.0,0.0,,0.0,0.0,,,0.0,0.0
2020-03-26,0.0,0.0,-36.0,0.0,0.0,0.0,11.0,2.0,,53.0,103.0,5.0,0.0,27.0,4.0,0.0,0.0,128.0,0.0,0.0,0.0,0.0,0.0,,4.0,3.0,4.0,0.0,,0.0,0.0,0.0,1.0,,,0.0,0.0,,0.0,408.0,0.0,,0.0,0.0,0.0,0.0,,1.0,,0.0,9.0,10.0,0.0,0.0,0.0,0.0,7.0,0.0,0.0,0.0,0.0,0.0,0.0,,0.0,0.0,1048.0,,0.0,0.0,1.0,2126.0,1.0,,0.0,,0.0,,,0.0,,0.0,0.0,0.0,0.0,0.0,0.0,,7.0,26.0,2.0,4.0,832.0,2.0,0.0,10.0,999.0,0.0,0.0,49.0,,0.0,2.0,0.0,0.0,6.0,0.0,0.0,0.0,3.0,,0.0,0.0,0.0,0.0,0.0,,,0.0,,16.0,0.0,0.0,0.0,,0.0,0.0,,0.0,0.0,0.0,0.0,0.0,1.0,0.0,,0.0,0.0,2.0,5.0,0.0,0.0,0.0,2.0,0.0,6.0,,0.0,17.0,1.0,0.0,0.0,13.0,2.0,0.0,21.0,,2.0,,8.0,9.0,0.0,,0.0,0.0,,0.0,0.0,,4.0,0.0,-15.0,0.0,,12.0,-5.0,0.0,0.0,0.0,414.0,,1648.0,4.0,,0.0,0.0,0.0,0.0,0.0,,0.0,,0.0,18.0,0.0,0.0,0.0,0.0,0.0,0.0,0.0,0.0,10.0,320.0,0.0,0.0,,0.0,3.0,,,0.0,0.0
2020-03-27,0.0,14.0,0.0,0.0,0.0,0.0,9.0,10.0,,22.0,113.0,0.0,0.0,23.0,0.0,0.0,3.0,183.0,0.0,0.0,0.0,0.0,3.0,,0.0,6.0,1.0,2.0,,0.0,1.0,0.0,72.0,,,0.0,0.0,,21.0,539.0,2.0,,2.0,1.0,15.0,3.0,,11.0,,1.0,7.0,0.0,0.0,0.0,0.0,0.0,14.0,0.0,0.0,0.0,3.0,0.0,0.0,,0.0,0.0,752.0,,0.0,0.0,3.0,985.0,1.0,,16.0,,0.0,,,0.0,,0.0,0.0,0.0,0.0,0.0,0.0,,6.0,15.0,28.0,11.0,676.0,17.0,0.0,11.0,589.0,0.0,0.0,13.0,,17.0,1.0,0.0,1.0,8.0,0.0,0.0,0.0,4.0,,0.0,0.0,0.0,0.0,34.0,,,0.0,,44.0,1.0,0.0,0.0,,0.0,0.0,,0.0,0.0,0.0,0.0,0.0,3.0,0.0,,0.0,0.0,0.0,10.0,0.0,0.0,1.0,0.0,0.0,0.0,,2.0,0.0,0.0,0.0,1.0,2.0,3.0,0.0,0.0,,0.0,,21.0,7.0,0.0,,0.0,1.0,,0.0,0.0,,2.0,2.0,0.0,0.0,,11.0,0.0,0.0,0.0,19.0,384.0,,2342.0,0.0,,0.0,0.0,0.0,1399.0,0.0,,0.0,,1.0,9.0,0.0,0.0,1.0,0.0,16.0,0.0,4.0,0.0,1.0,188.0,0.0,5.0,,16.0,0.0,,,0.0,0.0
2020-03-28,0.0,0.0,2.0,0.0,0.0,0.0,0.0,2.0,,50.0,0.0,0.0,0.0,38.0,4.0,0.0,0.0,205.0,0.0,0.0,0.0,0.0,0.0,,0.0,14.0,2.0,9.0,,0.0,2.0,0.0,210.0,,,0.0,0.0,,18.0,380.0,0.0,,0.0,0.0,8.0,0.0,,0.0,,0.0,0.0,0.0,0.0,0.0,0.0,0.0,5.0,0.0,0.0,0.0,9.0,0.0,1.0,,0.0,0.0,17.0,,0.0,0.0,0.0,1823.0,0.0,,0.0,,0.0,,,6.0,,0.0,0.0,0.0,0.0,0.0,3.0,,0.0,17.0,11.0,13.0,546.0,9.0,0.0,10.0,1434.0,0.0,0.0,32.0,,0.0,13.0,0.0,0.0,7.0,0.0,0.0,0.0,3.0,,0.0,0.0,0.0,0.0,0.0,,,0.0,,61.0,0.0,0.0,0.0,,0.0,0.0,,0.0,0.0,0.0,0.0,0.0,0.0,0.0,0.0,0.0,0.0,0.0,13.0,0.0,0.0,0.0,0.0,1.0,0.0,,6.0,1.0,0.0,0.0,0.0,0.0,4.0,0.0,0.0,,2.0,,24.0,4.0,0.0,,0.0,0.0,,1.0,2.0,,2.0,7.0,0.0,0.0,,15.0,0.0,0.0,0.0,0.0,283.0,,2928.0,2.0,,0.0,0.0,0.0,0.0,0.0,,1.0,,0.0,0.0,0.0,0.0,0.0,0.0,28.0,0.0,0.0,0.0,0.0,203.0,0.0,0.0,,8.0,1.0,,,0.0,0.0
2020-03-29,0.0,2.0,0.0,0.0,0.0,0.0,0.0,0.0,,0.0,254.0,0.0,0.0,7.0,0.0,0.0,0.0,296.0,0.0,0.0,0.0,0.0,3.0,,0.0,9.0,3.0,2.0,,0.0,8.0,3.0,0.0,,,0.0,0.0,,14.0,482.0,0.0,,0.0,0.0,7.0,0.0,,0.0,,0.0,16.0,6.0,0.0,0.0,0.0,0.0,11.0,0.0,0.0,0.0,0.0,0.0,0.0,,0.0,0.0,1502.0,,0.0,0.0,4.0,730.0,0.0,,0.0,,0.0,,,0.0,,0.0,0.0,0.0,1.0,0.0,0.0,,0.0,21.0,11.0,5.0,712.0,12.0,0.0,43.0,646.0,1.0,0.0,20.0,,0.0,4.0,0.0,0.0,3.0,0.0,0.0,0.0,0.0,,0.0,0.0,0.0,0.0,0.0,0.0,,0.0,,68.0,4.0,0.0,0.0,,2.0,0.0,,0.0,0.0,0.0,0.0,0.0,2.0,0.0,0.0,0.0,0.0,247.0,6.0,0.0,0.0,0.0,0.0,0.0,0.0,,0.0,0.0,2.0,0.0,0.0,0.0,7.0,0.0,0.0,,3.0,,67.0,15.0,0.0,,0.0,0.0,,0.0,0.0,,29.0,9.0,0.0,0.0,,14.0,0.0,0.0,0.0,0.0,222.0,,2424.0,2.0,,0.0,0.0,0.0,65.0,0.0,,0.0,,0.0,0.0,0.0,0.0,0.0,0.0,35.0,0.0,1.0,6.0,0.0,1593.0,0.0,2.0,,0.0,4.0,,,0.0,0.0
2020-03-30,0.0,11.0,6.0,9.0,0.0,0.0,156.0,0.0,,13.0,157.0,11.0,0.0,7.0,4.0,0.0,0.0,168.0,0.0,0.0,0.0,0.0,9.0,,114.0,4.0,3.0,8.0,,0.0,0.0,0.0,0.0,,,0.0,0.0,,81.0,341.0,5.0,,0.0,1.0,15.0,0.0,,7.0,,14.0,0.0,0.0,0.0,0.0,1.0,0.0,18.0,0.0,0.0,0.0,0.0,0.0,3.0,,0.0,0.0,738.0,,0.0,0.0,2.0,4289.0,0.0,,0.0,,0.0,,,0.0,,0.0,0.0,0.0,0.0,0.0,0.0,,0.0,22.0,7.0,11.0,1520.0,9.0,0.0,29.0,1590.0,2.0,0.0,0.0,,8.0,1.0,0.0,0.0,5.0,3.0,0.0,0.0,5.0,,0.0,0.0,0.0,6.0,0.0,0.0,,0.0,,91.0,0.0,0.0,0.0,,0.0,0.0,,31.0,13.0,0.0,2.0,0.0,2.0,0.0,0.0,0.0,0.0,0.0,7.0,0.0,0.0,5.0,9.0,5.0,6.0,,47.0,0.0,0.0,0.0,0.0,37.0,0.0,0.0,0.0,,3.0,,3.0,2.0,0.0,,0.0,0.0,,0.0,7.0,,49.0,0.0,0.0,0.0,,16.0,5.0,0.0,0.0,0.0,195.0,,2071.0,4.0,,0.0,0.0,0.0,228.0,0.0,,9.0,,0.0,132.0,0.0,0.0,0.0,1.0,57.0,0.0,2.0,3.0,20.0,2979.0,0.0,0.0,,0.0,30.0,,,0.0,0.0
2020-03-31,3.0,8.0,9.0,0.0,1.0,0.0,12.0,0.0,,101.0,459.0,0.0,0.0,16.0,6.0,0.0,15.0,169.0,0.0,1.0,0.0,0.0,0.0,0.0,7.0,7.0,0.0,1.0,,0.0,2.0,0.0,1126.0,,,0.0,0.0,,0.0,283.0,16.0,,0.0,0.0,0.0,4.0,,1.0,,20.0,4.0,0.0,0.0,0.0,1.0,51.0,7.0,0.0,1.0,0.0,6.0,0.0,-2.0,,0.0,0.0,1549.0,,0.0,0.0,1.0,2600.0,29.0,,0.0,,0.0,,,2.0,,0.0,0.0,0.0,0.0,0.0,0.0,,3.0,41.0,21.0,6.0,745.0,18.0,0.0,63.0,1109.0,1.0,0.0,0.0,,4.0,3.0,0.0,5.0,1.0,0.0,0.0,0.0,2.0,,0.0,1.0,0.0,0.0,40.0,0.0,,0.0,,58.0,0.0,0.0,0.0,,0.0,0.0,,0.0,3.0,1.0,0.0,0.0,9.0,0.0,0.0,0.0,0.0,0.0,11.0,0.0,0.0,0.0,0.0,1.0,5.0,,0.0,0.0,5.0,0.0,0.0,341.0,7.0,0.0,0.0,,11.0,,11.0,55.0,0.0,,0.0,0.0,,0.0,0.0,,50.0,13.0,0.0,0.0,,12.0,-4.0,0.0,1.0,0.0,180.0,,2479.0,2.0,,1.0,0.0,0.0,0.0,0.0,,0.0,,0.0,113.0,0.0,9.0,0.0,0.0,81.0,0.0,2.0,0.0,8.0,1380.0,41.0,0.0,,0.0,3.0,,,0.0,0.0
2020-04-01,0.0,15.0,15.0,0.0,0.0,0.0,8.0,1.0,,64.0,341.0,0.0,0.0,42.0,0.0,0.0,6.0,436.0,0.0,0.0,0.0,1.0,2.0,0.0,0.0,7.0,3.0,14.0,0.0,0.0,2.0,5.0,-268.0,,,0.0,0.0,,78.0,199.0,8.0,,1.0,0.0,6.0,4.0,,5.0,,16.0,894.0,0.0,0.0,0.0,4.0,4.0,22.0,0.0,0.0,0.0,7.0,0.0,0.0,,0.0,0.0,1540.0,,0.0,2.0,2.0,2600.0,0.0,,0.0,,0.0,,,0.0,,0.0,0.0,0.0,0.0,0.0,0.0,,3.0,27.0,25.0,22.0,817.0,12.0,0.0,17.0,1118.0,2.0,0.0,48.0,,6.0,2.0,2.0,4.0,7.0,0.0,0.0,0.0,6.0,,0.0,-1.0,0.0,0.0,0.0,0.0,,0.0,,108.0,0.0,0.0,0.0,,0.0,0.0,,0.0,5.0,0.0,0.0,0.0,5.0,0.0,0.0,0.0,0.0,7.0,9.0,0.0,0.0,1.0,5.0,0.0,0.0,,18.0,0.0,0.0,0.0,0.0,0.0,1.0,40.0,0.0,,9.0,,32.0,69.0,0.0,,0.0,0.0,,0.0,0.0,,99.0,5.0,0.0,0.0,0.0,5.0,0.0,0.0,0.0,19.0,159.0,,3388.0,4.0,,1.0,0.0,87.0,1144.0,0.0,,0.0,,0.0,163.0,0.0,0.0,0.0,2.0,90.0,0.0,3.0,0.0,0.0,1450.0,0.0,5.0,,2.0,5.0,,,0.0,0.0
2020-04-02,5.0,9.0,0.0,0.0,0.0,0.0,8.0,2.0,,98.0,313.0,0.0,0.0,44.0,0.0,0.0,0.0,363.0,0.0,0.0,1.0,0.0,1.0,0.0,0.0,4.0,5.0,4.0,0.0,0.0,9.0,0.0,411.0,,,0.0,0.0,,101.0,166.0,16.0,,2.0,2.0,15.0,1.0,,0.0,,6.0,201.0,16.0,0.0,0.0,7.0,7.0,22.0,0.0,0.0,0.0,12.0,0.0,1.0,,0.0,290.0,1495.0,,0.0,0.0,3.0,3740.0,0.0,,9.0,,0.0,,,0.0,,0.0,0.0,0.0,0.0,0.0,0.0,,2.0,59.0,43.0,9.0,1238.0,20.0,0.0,97.0,1431.0,6.0,0.0,0.0,,9.0,1.0,1.0,0.0,1.0,2.0,0.0,30.0,3.0,,0.0,0.0,0.0,0.0,0.0,0.0,,0.0,,122.0,0.0,0.0,0.0,,0.0,0.0,,0.0,0.0,0.0,0.0,0.0,2.0,0.0,0.0,1.0,0.0,0.0,9.0,0.0,0.0,11.0,0.0,19.0,23.0,,31.0,0.0,0.0,0.0,1.0,143.0,1.0,9.0,25.0,,1.0,,15.0,45.0,0.0,,0.0,0.0,,0.0,8.0,,64.0,10.0,0.0,0.0,0.0,21.0,2.0,60.0,0.0,0.0,261.0,,4096.0,0.0,,0.0,0.0,0.0,1046.0,0.0,,6.0,,1.0,0.0,0.0,7.0,0.0,0.0,82.0,0.0,6.0,35.0,13.0,527.0,21.0,13.0,,2.0,12.0,,,0.0,0.0
2020-04-03,0.0,13.0,1.0,6.0,0.0,0.0,10.0,10.0,,129.0,273.0,6.0,0.0,1.0,1.0,0.0,0.0,377.0,0.0,1.0,1.0,0.0,7.0,0.0,0.0,9.0,5.0,0.0,0.0,0.0,1.0,7.0,440.0,,,0.0,0.0,,92.0,195.0,0.0,,0.0,5.0,4.0,2.0,,0.0,,5.0,115.0,0.0,8.0,0.0,0.0,0.0,15.0,0.0,0.0,0.0,3.0,0.0,0.0,,0.0,0.0,1587.0,,1.0,0.0,2.0,2135.0,0.0,,17.0,,0.0,,,0.0,,2.0,0.0,0.0,0.0,0.0,0.0,,1.0,25.0,1.0,22.0,1224.0,24.0,0.0,65.0,1480.0,4.0,0.0,42.0,,13.0,2.0,0.0,0.0,1.0,1.0,0.0,-30.0,4.0,,0.0,0.0,0.0,0.0,420.0,0.0,,0.0,0.0,60.0,0.0,0.0,0.0,,0.0,0.0,,598.0,3.0,1.0,0.0,1.0,26.0,0.0,0.0,0.0,0.0,0.0,11.0,0.0,0.0,5.0,3.0,0.0,0.0,,1.0,3.0,1.0,0.0,4.0,0.0,1.0,0.0,0.0,,21.0,,16.0,46.0,0.0,,0.0,0.0,,0.0,0.0,,23.0,11.0,0.0,0.0,0.0,16.0,5.0,0.0,0.0,45.0,193.0,,3770.0,3.0,,0.0,0.0,102.0,833.0,0.0,,5.0,,1.0,107.0,0.0,0.0,0.0,0.0,69.0,0.0,3.0,12.0,16.0,706.0,6.0,0.0,,9.0,10.0,,,2.0,0.0
2020-04-04,0.0,10.0,28.0,5.0,1.0,0.0,13.0,0.0,,52.0,485.0,0.0,-1.0,41.0,4.0,0.0,0.0,375.0,0.0,0.0,0.0,0.0,3.0,0.0,0.0,1.0,4.0,16.0,0.0,0.0,15.0,0.0,402.0,,,0.0,0.0,,101.0,186.0,30.0,,0.0,2.0,27.0,0.0,,5.0,,6.0,92.0,0.0,0.0,0.0,0.0,35.0,25.0,2.0,0.0,0.0,11.0,0.0,1.0,,0.0,0.0,1437.0,,0.0,0.0,8.0,1825.0,0.0,,0.0,,0.0,,,3.0,,3.0,0.0,0.0,0.0,0.0,0.0,,15.0,87.0,37.0,16.0,1801.0,33.0,20.0,24.0,1238.0,6.0,5.0,0.0,,16.0,7.0,0.0,6.0,11.0,3.0,0.0,0.0,4.0,,3.0,0.0,0.0,0.0,0.0,0.0,,0.0,0.0,88.0,0.0,1.0,0.0,,0.0,7.0,,0.0,3.0,0.0,0.0,0.0,9.0,1.0,0.0,0.0,0.0,2.0,24.0,0.0,0.0,0.0,0.0,0.0,4.0,,5.0,0.0,3.0,0.0,6.0,377.0,5.0,60.0,7.0,,16.0,,46.0,52.0,0.0,,0.0,0.0,,0.0,6.0,,69.0,6.0,0.0,0.0,0.0,15.0,0.0,9.0,0.0,0.0,304.0,,3706.0,3.0,,0.0,0.0,0.0,1569.0,2.0,,0.0,,0.0,62.0,0.0,0.0,0.0,0.0,302.0,0.0,3.0,17.0,7.0,4945.0,25.0,0.0,,0.0,5.0,,,0.0,0.0
2020-04-05,5.0,5.0,0.0,5.0,0.0,0.0,1.0,14.0,,56.0,491.0,0.0,0.0,8.0,3.0,6.0,-1.0,504.0,0.0,3.0,0.0,1.0,0.0,0.0,0.0,7.0,3.0,24.0,0.0,0.0,0.0,0.0,435.0,,,0.0,0.0,,90.0,261.0,3.0,,0.0,3.0,6.0,0.0,,4.0,,18.0,50.0,0.0,1.0,0.0,1.0,0.0,6.0,0.0,0.0,0.0,3.0,0.0,0.0,,0.0,0.0,777.0,,0.0,0.0,0.0,2300.0,0.0,,0.0,,0.0,,,0.0,,0.0,0.0,0.0,0.0,0.0,3.0,,8.0,32.0,0.0,14.0,0.0,20.0,0.0,50.0,819.0,12.0,1.0,0.0,,36.0,6.0,0.0,7.0,6.0,0.0,0.0,0.0,0.0,,0.0,0.0,0.0,0.0,0.0,0.0,,2.0,0.0,90.0,0.0,0.0,3.0,,0.0,0.0,,0.0,1.0,0.0,0.0,0.0,10.0,0.0,0.0,0.0,0.0,-5.0,29.0,0.0,13.0,8.0,3.0,0.0,0.0,,80.0,4.0,0.0,0.0,0.0,75.0,7.0,18.0,0.0,,14.0,,45.0,22.0,4.0,,0.0,0.0,,0.0,8.0,,68.0,10.0,0.0,0.0,0.0,23.0,0.0,0.0,0.0,0.0,138.0,,3861.0,6.0,,0.0,0.0,0.0,0.0,0.0,,0.0,,0.0,119.0,0.0,3.0,0.0,0.0,256.0,0.0,3.0,19.0,14.0,2796.0,0.0,5.0,,0.0,0.0,,,1.0,0.0
2020-04-06,3.0,12.0,0.0,5.0,0.0,0.0,45.0,5.0,,323.0,465.0,12.0,4.0,27.0,0.0,0.0,1.0,235.0,0.0,0.0,0.0,0.0,17.0,0.0,0.0,9.0,2.0,18.0,0.0,1.0,3.0,0.0,244.0,,,0.0,0.0,,110.0,103.0,0.0,,2.0,2.0,5.0,3.0,,8.0,,25.0,60.0,0.0,0.0,1.0,16.0,0.0,12.0,3.0,2.0,0.0,0.0,4.0,0.0,,0.0,0.0,1079.0,,0.0,0.0,3.0,0.0,0.0,,191.0,,0.0,,,0.0,,0.0,0.0,8.0,-1.0,0.0,0.0,,1.0,32.0,146.0,28.0,4500.0,65.0,0.0,108.0,1022.0,4.0,0.0,61.0,,16.0,4.0,0.0,0.0,4.0,24.0,0.0,15.0,6.0,,0.0,1.0,55.0,1.0,0.0,0.0,,0.0,0.0,236.0,0.0,8.0,0.0,,0.0,0.0,,0.0,7.0,1.0,0.0,0.0,5.0,0.0,0.0,0.0,0.0,1.0,20.0,0.0,13.0,2.0,7.0,0.0,0.0,,48.0,-1.0,0.0,0.0,0.0,8.0,9.0,28.0,65.0,,8.0,,32.0,51.0,0.0,,0.0,0.0,,0.0,0.0,,63.0,10.0,0.0,0.0,0.0,24.0,-2.0,23.0,0.0,0.0,135.0,0.0,2357.0,5.0,,0.0,0.0,0.0,1641.0,0.0,,7.0,,0.0,0.0,0.0,3.0,0.0,0.0,284.0,0.0,0.0,23.0,58.0,2133.0,11.0,0.0,,13.0,5.0,0.0,,2.0,0.0
2020-04-07,0.0,15.0,23.0,8.0,0.0,0.0,13.0,25.0,,0.0,583.0,0.0,1.0,0.0,0.0,0.0,1.0,171.0,0.0,0.0,0.0,0.0,21.0,0.0,0.0,3.0,3.0,19.0,0.0,0.0,5.0,26.0,535.0,,,0.0,2.0,,170.0,100.0,12.0,,4.0,6.0,37.0,9.0,,2.0,,51.0,132.0,0.0,0.0,0.0,3.0,0.0,17.0,0.0,0.0,0.0,7.0,0.0,0.0,,0.0,0.0,2095.0,,0.0,0.0,7.0,7381.0,0.0,,0.0,,0.0,,,2.0,,0.0,0.0,0.0,0.0,0.0,0.0,,4.0,99.0,46.0,12.0,2803.0,29.0,0.0,185.0,1555.0,0.0,0.0,17.0,,12.0,5.0,3.0,1.0,2.0,0.0,0.0,0.0,2.0,,0.0,0.0,0.0,0.0,0.0,0.0,,5.0,0.0,80.0,0.0,3.0,0.0,,0.0,1.0,,0.0,3.0,0.0,2.0,3.0,12.0,0.0,0.0,0.0,0.0,14.0,65.0,0.0,0.0,9.0,0.0,0.0,6.0,,170.0,18.0,1.0,0.0,3.0,304.0,11.0,29.0,44.0,,19.0,,54.0,88.0,3.0,,0.0,0.0,,0.0,5.0,0.0,64.0,13.0,0.0,0.0,0.0,33.0,5.0,0.0,0.0,0.0,96.0,0.0,2771.0,4.0,,0.0,0.0,0.0,648.0,1.0,,0.0,,2.0,95.0,0.0,0.0,0.0,20.0,256.0,0.0,0.0,19.0,38.0,2182.0,46.0,0.0,,0.0,28.0,0.0,,2.0,0.0
2020-04-08,11.0,23.0,124.0,13.0,0.0,0.0,20.0,27.0,,0.0,466.0,19.0,0.0,19.0,0.0,2.0,23.0,524.0,0.0,0.0,0.0,0.0,11.0,0.0,0.0,6.0,0.0,7.0,0.0,0.0,5.0,17.0,363.0,,,0.0,0.0,,217.0,157.0,23.0,,0.0,5.0,12.0,0.0,,5.0,,61.0,142.0,0.0,16.0,0.0,14.0,40.0,29.0,4.0,0.0,0.0,3.0,3.0,0.0,,0.0,0.0,1929.0,,0.0,0.0,4.0,10219.0,3.0,,0.0,,0.0,,,0.0,,0.0,0.0,0.0,0.0,2.0,0.0,,23.0,74.0,85.0,18.0,2773.0,79.0,0.0,31.0,2099.0,7.0,2.0,30.0,,12.0,3.0,2.0,6.0,6.0,0.0,0.0,0.0,0.0,,0.0,7.0,0.0,0.0,0.0,0.0,,4.0,0.0,166.0,0.0,4.0,11.0,,0.0,11.0,,0.0,0.0,0.0,0.0,0.0,4.0,0.0,0.0,0.0,0.0,0.0,41.0,0.0,2.0,0.0,5.0,0.0,5.0,,38.0,2.0,2.0,0.0,0.0,32.0,12.0,31.0,12.0,,28.0,,68.0,86.0,0.0,,0.0,0.0,,0.0,0.0,0.0,16.0,8.0,0.0,0.0,0.0,29.0,3.0,18.0,0.0,0.0,82.0,0.0,4813.0,2.0,,0.0,3.0,0.0,1096.0,1.0,,4.0,,0.0,0.0,0.0,0.0,0.0,0.0,264.0,0.0,7.0,53.0,20.0,1796.0,0.0,0.0,,0.0,3.0,0.0,,0.0,0.0
2020-04-09,3.0,11.0,110.0,6.0,0.0,0.0,7.0,24.0,,392.0,728.0,38.0,0.0,42.0,0.0,3.0,62.0,483.0,0.0,0.0,0.0,0.0,22.0,0.0,46.0,1.0,6.0,12.0,0.0,0.0,-1.0,0.0,1008.0,,,0.0,0.0,,159.0,112.0,51.0,,3.0,1.0,40.0,1.0,,1.0,,68.0,120.0,0.0,0.0,0.0,30.0,199.0,43.0,5.0,0.0,0.0,11.0,0.0,0.0,,0.0,0.0,1961.0,,0.0,0.0,1.0,6107.0,-31.0,,0.0,,0.0,,,0.0,,6.0,0.0,0.0,0.0,0.0,0.0,,2.0,55.0,114.0,30.0,2497.0,44.0,0.0,210.0,1979.0,4.0,2.0,10.0,,11.0,6.0,3.0,0.0,0.0,2.0,0.0,0.0,5.0,,0.0,0.0,0.0,0.0,0.0,0.0,,0.0,0.0,121.0,0.0,6.0,0.0,,0.0,4.0,,0.0,10.0,1.0,0.0,0.0,12.0,0.0,2.0,0.0,0.0,6.0,35.0,0.0,12.0,7.0,2.0,0.0,37.0,,105.0,0.0,0.0,0.0,3.0,105.0,28.0,62.0,9.0,,28.0,,119.0,118.0,0.0,,0.0,0.0,,0.0,9.0,0.0,35.0,10.0,0.0,0.0,0.0,54.0,7.0,8.0,0.0,0.0,197.0,0.0,4144.0,5.0,,0.0,1.0,0.0,800.0,0.0,,6.0,,0.0,52.0,0.0,1.0,0.0,0.0,296.0,0.0,10.0,29.0,14.0,1851.0,42.0,8.0,,19.0,2.0,0.0,,17.0,0.0
2020-04-10,0.0,17.0,58.0,13.0,0.0,0.0,10.0,11.0,,321.0,824.0,58.0,0.0,20.0,0.0,0.0,30.0,404.0,0.0,0.0,0.0,0.0,28.0,0.0,0.0,7.0,6.0,0.0,0.0,0.0,10.0,38.0,693.0,,,0.0,0.0,,297.0,112.0,23.0,,4.0,12.0,12.0,23.0,,5.0,,45.0,46.0,0.0,11.0,4.0,18.0,29.0,36.0,1.0,0.0,0.0,10.0,0.0,0.0,,0.0,0.0,1782.0,,0.0,0.0,3.0,1506.0,1.0,,0.0,,0.0,,,0.0,,4.0,0.0,0.0,0.0,0.0,1.0,,16.0,63.0,154.0,30.0,3156.0,54.0,0.0,172.0,1985.0,0.0,1.0,53.0,,9.0,4.0,10.0,22.0,12.0,0.0,0.0,0.0,9.0,,0.0,0.0,0.0,46.0,0.0,0.0,,0.0,0.0,222.0,0.0,0.0,0.0,,0.0,0.0,,0.0,6.0,0.0,0.0,0.0,13.0,1.0,0.0,0.0,0.0,9.0,56.0,0.0,1.0,7.0,4.0,0.0,0.0,,155.0,1.0,0.0,0.0,0.0,131.0,16.0,34.0,28.0,,21.0,,82.0,97.0,0.0,,0.0,0.0,,0.0,1.0,0.0,19.0,14.0,0.0,0.0,0.0,32.0,0.0,9.0,0.0,315.0,144.0,0.0,3503.0,5.0,,0.0,0.0,176.0,500.0,0.0,,24.0,,0.0,73.0,1.0,1.0,0.0,0.0,281.0,0.0,16.0,150.0,229.0,3380.0,14.0,4.0,,0.0,16.0,0.0,,1.0,0.0
2020-04-11,0.0,15.0,55.0,0.0,2.0,0.0,65.0,24.0,,13.0,540.0,41.0,0.0,16.0,3.0,0.0,3.0,418.0,0.0,0.0,0.0,0.0,10.0,0.0,0.0,5.0,8.0,9.0,0.0,0.0,3.0,0.0,734.0,,,0.0,0.0,,293.0,86.0,17.0,,3.0,7.0,92.0,26.0,,3.0,,65.0,182.0,0.0,0.0,0.0,10.0,43.0,42.0,4.0,0.0,0.0,0.0,0.0,6.0,,0.0,0.0,1468.0,,0.0,0.0,6.0,3487.0,0.0,,0.0,,0.0,,,2.0,,2.0,0.0,0.0,0.0,0.0,0.0,,3.0,90.0,195.0,4.0,6482.0,51.0,0.0,158.0,2079.0,6.0,0.0,77.0,,7.0,17.0,2.0,6.0,10.0,9.0,0.0,0.0,1.0,,0.0,0.0,0.0,0.0,0.0,0.0,,0.0,0.0,165.0,0.0,0.0,0.0,,0.0,5.0,,0.0,19.0,0.0,0.0,1.0,24.0,0.0,0.0,0.0,0.0,4.0,49.0,0.0,0.0,12.0,0.0,0.0,0.0,,35.0,12.0,1.0,0.0,0.0,170.0,17.0,57.0,33.0,,20.0,,29.0,250.0,11.0,,0.0,0.0,,0.0,3.0,0.0,35.0,15.0,0.0,0.0,0.0,36.0,0.0,11.0,0.0,0.0,126.0,0.0,3441.0,0.0,,0.0,0.0,0.0,1000.0,1.0,,8.0,,0.0,122.0,0.0,0.0,11.0,18.0,542.0,4.0,18.0,170.0,34.0,2480.0,8.0,0.0,,9.0,0.0,0.0,0.0,3.0,0.0
2020-04-12,0.0,20.0,131.0,57.0,0.0,0.0,28.0,24.0,,0.0,383.0,50.0,0.0,3.0,3.0,0.0,31.0,477.0,0.0,0.0,0.0,0.0,54.0,0.0,0.0,2.0,6.0,6.0,0.0,0.0,2.0,0.0,534.0,,,0.0,0.0,,195.0,79.0,56.0,,0.0,7.0,50.0,15.0,,4.0,,53.0,180.0,0.0,0.0,3.0,23.0,90.0,163.0,2.0,0.0,0.0,5.0,0.0,0.0,,0.0,0.0,806.0,,0.0,0.0,7.0,2900.0,0.0,,0.0,,0.0,,,0.0,,0.0,0.0,0.0,0.0,0.0,0.0,,3.0,48.0,111.0,73.0,1947.0,39.0,0.0,286.0,1677.0,27.0,0.0,0.0,,24.0,18.0,1.0,0.0,9.0,10.0,0.0,0.0,3.0,,0.0,1.0,0.0,43.0,0.0,0.0,,9.0,0.0,113.0,1.0,0.0,28.0,,0.0,14.0,,1139.0,19.0,1.0,0.0,0.0,31.0,0.0,0.0,0.0,0.0,4.0,49.0,4.0,34.0,15.0,0.0,0.0,0.0,,266.0,1.0,6.0,0.0,4.0,59.0,40.0,64.0,11.0,,28.0,,94.0,246.0,7.0,,0.0,3.0,,0.0,0.0,0.0,41.0,19.0,0.0,0.0,0.0,32.0,0.0,2.0,1.0,0.0,125.0,0.0,3282.0,2.0,,0.0,0.0,0.0,600.0,0.0,,10.0,,0.0,83.0,0.0,4.0,4.0,0.0,481.0,0.0,10.0,92.0,4.0,1718.0,17.0,24.0,,0.0,0.0,0.0,0.0,2.0,0.0
2020-04-13,0.0,15.0,10.0,0.0,0.0,0.0,47.0,14.0,,0.0,356.0,39.0,1.0,33.0,3.0,2.0,0.0,244.0,0.0,0.0,0.0,0.0,13.0,0.0,0.0,1.0,3.0,0.0,0.0,0.0,0.0,0.0,635.0,,,3.0,0.0,,308.0,83.0,49.0,,1.0,6.0,27.0,29.0,,0.0,,55.0,112.0,0.0,5.0,0.0,21.0,96.0,0.0,1.0,1.0,0.0,4.0,0.0,4.0,,0.0,0.0,532.0,,0.0,0.0,1.0,4000.0,0.0,,0.0,,0.0,,,0.0,,0.0,0.0,0.0,0.0,0.0,0.0,,2.0,44.0,101.0,21.0,2089.0,77.0,0.0,228.0,1224.0,4.0,6.0,22.0,,14.0,39.0,15.0,0.0,8.0,13.0,0.0,0.0,0.0,,1.0,0.0,0.0,4.0,0.0,0.0,,1.0,0.0,168.0,0.0,4.0,0.0,,0.0,0.0,,71.0,13.0,0.0,0.0,0.0,26.0,0.0,0.0,0.0,0.0,0.0,75.0,0.0,0.0,6.0,3.0,0.0,15.0,,67.0,0.0,6.0,0.0,0.0,844.0,45.0,48.0,0.0,,59.0,,62.0,179.0,17.0,,0.0,0.0,,0.0,0.0,0.0,44.0,7.0,0.0,0.0,0.0,26.0,84.0,2.0,0.0,0.0,79.0,0.0,2336.0,0.0,,2.0,2.0,0.0,1000.0,0.0,,0.0,,2.0,70.0,0.0,0.0,0.0,0.0,511.0,3.0,8.0,172.0,-322.0,10494.0,0.0,19.0,,17.0,2.0,0.0,0.0,0.0,0.0
2020-04-14,8.0,16.0,90.0,0.0,1.0,3.0,44.0,54.0,,380.0,290.0,62.0,0.0,54.0,0.0,0.0,0.0,161.0,0.0,13.0,0.0,4.0,30.0,0.0,2873.0,0.0,10.0,16.0,0.0,0.0,14.0,32.0,452.0,,,1.0,0.0,,279.0,161.0,35.0,,3.0,4.0,15.0,11.0,,0.0,,123.0,286.0,20.0,12.0,0.0,10.0,99.0,0.0,3.0,0.0,0.0,13.0,1.0,0.0,,0.0,0.0,1097.0,,0.0,0.0,1.0,3900.0,13.0,,0.0,,0.0,,,0.0,,14.0,0.0,0.0,0.0,0.0,0.0,,2.0,56.0,178.0,46.0,2146.0,49.0,0.0,340.0,1695.0,25.0,0.0,15.0,,20.0,65.0,1.0,8.0,26.0,4.0,1.0,0.0,0.0,,0.0,0.0,0.0,0.0,0.0,0.0,,2.0,0.0,202.0,2.0,8.0,0.0,,0.0,9.0,,121.0,27.0,0.0,1.0,41.0,14.0,0.0,0.0,0.0,0.0,2.0,82.0,0.0,15.0,8.0,42.0,0.0,6.0,,283.0,4.0,32.0,0.0,0.0,227.0,53.0,131.0,70.0,,39.0,,137.0,224.0,7.0,,0.0,7.0,,0.0,0.0,0.0,84.0,5.0,0.0,0.0,0.0,25.0,6.0,0.0,0.0,0.0,87.0,0.0,2777.0,5.0,,0.0,0.0,0.0,0.0,0.0,,15.0,,0.0,117.0,0.0,3.0,1.0,0.0,842.0,1.0,22.0,81.0,19.0,4281.0,17.0,14.0,,0.0,23.0,0.0,0.0,0.0,0.0
2020-04-15,3.0,3.0,17.0,41.0,0.0,0.0,37.0,32.0,,0.0,465.0,53.0,0.0,18.0,7.0,2.0,0.0,239.0,0.0,0.0,0.0,1.0,17.0,0.0,10980.0,1.0,24.0,49.0,0.0,0.0,5.0,35.0,756.0,,,0.0,0.0,,291.0,111.0,98.0,,7.0,1.0,58.0,19.0,,0.0,,177.0,236.0,0.0,18.0,0.0,46.0,84.0,0.0,5.0,0.0,0.0,2.0,0.0,1.0,,0.0,0.0,2372.0,,3.0,0.0,2.0,4400.0,0.0,,0.0,,0.0,,,0.0,,0.0,0.0,0.0,0.0,0.0,2.0,,70.0,88.0,73.0,20.0,1804.0,46.0,52.0,368.0,962.0,0.0,2.0,54.0,,15.0,37.0,12.0,0.0,30.0,7.0,0.0,28.0,5.0,,0.0,0.0,0.0,37.0,26.0,0.0,,6.0,0.0,169.0,0.0,0.0,0.0,,0.0,14.0,,161.0,37.0,6.0,0.0,9.0,12.0,0.0,0.0,0.0,0.0,7.0,100.0,0.0,0.0,29.0,12.0,0.0,1.0,,68.0,1.0,11.0,0.0,1.0,239.0,58.0,50.0,36.0,,33.0,,166.0,292.0,5.0,,0.0,0.0,,0.0,0.0,0.0,42.0,7.0,0.0,0.0,0.0,41.0,38.0,13.0,0.0,0.0,82.0,0.0,3349.0,2.0,,0.0,0.0,0.0,1700.0,0.0,,0.0,,4.0,92.0,0.0,3.0,2.0,0.0,875.0,4.0,24.0,101.0,45.0,4333.0,12.0,8.0,,1.0,2.0,0.0,0.0,0.0,1.0
2020-04-16,11.0,26.0,75.0,0.0,0.0,0.0,35.0,61.0,,169.0,888.0,56.0,0.0,40.0,0.0,0.0,0.0,455.0,0.0,0.0,0.0,7.0,24.0,0.0,0.0,0.0,17.0,31.0,0.0,0.0,2.0,-1.0,732.0,,,0.0,3.0,,362.0,90.0,98.0,,2.0,7.0,56.0,20.0,,12.0,,153.0,278.0,5.0,2.0,0.0,7.0,58.0,7.0,3.0,0.0,0.0,16.0,0.0,0.0,,0.0,1400.0,1857.0,,0.0,0.0,5.0,4400.0,66.0,,0.0,,0.0,,,0.0,,18.0,0.0,0.0,0.0,0.0,0.0,,7.0,67.0,336.0,102.0,2296.0,44.0,0.0,255.0,2072.0,32.0,0.0,48.0,,9.0,37.0,0.0,13.0,19.0,13.0,1.0,13.0,1.0,,0.0,2.0,0.0,40.0,26.0,0.0,,4.0,0.0,119.0,0.0,0.0,38.0,,0.0,16.0,,0.0,64.0,0.0,0.0,0.0,20.0,0.0,0.0,1.0,1.0,7.0,42.0,0.0,0.0,24.0,23.0,0.0,45.0,,199.0,0.0,3.0,0.0,7.0,3012.0,82.0,106.0,110.0,,9.0,,140.0,318.0,6.0,,0.0,0.0,,0.0,2.0,0.0,59.0,4.0,0.0,0.0,0.0,31.0,16.0,9.0,0.0,493.0,141.0,0.0,3944.0,5.0,,0.0,0.0,169.0,500.0,0.0,,31.0,,0.0,96.0,0.0,10.0,1.0,0.0,1415.0,8.0,43.0,61.0,7.0,2607.0,26.0,22.0,,0.0,6.0,0.0,0.0,0.0,0.0
2020-04-17,45.0,6.0,63.0,22.0,0.0,0.0,35.0,44.0,,1453.0,718.0,68.0,0.0,22.0,9.0,0.0,139.0,399.0,0.0,0.0,0.0,12.0,43.0,0.0,0.0,4.0,19.0,37.0,0.0,0.0,0.0,0.0,847.0,,,0.0,0.0,,322.0,-849.0,84.0,,2.0,14.0,71.0,21.0,,0.0,,202.0,368.0,0.0,3.0,0.0,53.0,0.0,50.0,5.0,0.0,0.0,12.0,0.0,0.0,,0.0,0.0,1679.0,,3.0,0.0,3.0,6114.0,0.0,,0.0,,6.0,,,2.0,,10.0,0.0,1.0,0.0,0.0,1.0,,8.0,80.0,273.0,59.0,1835.0,50.0,0.0,308.0,2563.0,47.0,4.0,34.0,,6.0,70.0,0.0,5.0,33.0,23.0,0.0,31.0,0.0,,3.0,0.0,0.0,32.0,27.0,0.0,,0.0,3.0,201.0,0.0,0.0,9.0,,0.0,27.0,,0.0,41.0,8.0,0.0,0.0,32.0,0.0,3.0,0.0,0.0,4.0,46.0,0.0,20.0,7.0,18.0,0.0,0.0,,120.0,6.0,23.0,0.0,0.0,421.0,52.0,92.0,26.0,,49.0,,151.0,286.0,5.0,,0.0,0.0,,0.0,2.0,0.0,59.0,4.0,534.0,5.0,0.0,25.0,8.0,0.0,0.0,0.0,72.0,0.0,0.0,9.0,,0.0,0.0,0.0,500.0,0.0,,11.0,,0.0,96.0,0.0,3.0,0.0,0.0,1542.0,0.0,60.0,93.0,19.0,3842.0,0.0,27.0,,0.0,21.0,0.0,0.0,0.0,1.0
2020-04-18,13.0,19.0,48.0,14.0,1.0,0.0,19.0,121.0,,316.0,510.0,62.0,4.0,30.0,8.0,2.0,0.0,387.0,0.0,0.0,0.0,5.0,18.0,0.0,0.0,1.0,12.0,27.0,0.0,0.0,5.0,13.0,419.0,,,0.0,3.0,,414.0,62.0,0.0,,1.0,9.0,15.0,35.0,,2.0,,53.0,460.0,0.0,0.0,0.0,44.0,170.0,55.0,5.0,0.0,3.0,17.0,0.0,1.0,,0.0,0.0,1581.0,,0.0,0.0,7.0,2286.0,16.0,,0.0,,0.0,,,0.0,,6.0,0.0,0.0,0.0,0.0,0.0,,24.0,67.0,422.0,24.0,1923.0,47.0,0.0,330.0,2200.0,46.0,0.0,134.0,,4.0,30.0,7.0,9.0,22.0,16.0,0.0,0.0,13.0,,0.0,0.0,0.0,18.0,22.0,0.0,,2.0,0.0,135.0,0.0,7.0,8.0,,0.0,72.0,,0.0,115.0,2.0,0.0,0.0,33.0,2.0,0.0,2.0,0.0,2.0,51.0,2.0,3.0,7.0,25.0,0.0,0.0,,67.0,0.0,24.0,0.0,5.0,143.0,29.0,115.0,91.0,,46.0,,222.0,467.0,4.0,,0.0,0.0,,0.0,3.0,0.0,280.0,13.0,103.0,0.0,0.0,32.0,38.0,16.0,0.0,0.0,108.0,0.0,0.0,9.0,,2.0,0.0,0.0,700.0,0.0,,12.0,,0.0,98.0,0.0,1.0,1.0,0.0,1822.0,2.0,29.0,0.0,20.0,6295.0,8.0,38.0,,2.0,3.0,0.0,0.0,3.0,0.0
2020-04-19,19.0,12.0,153.0,30.0,0.0,0.0,24.0,22.0,,0.0,287.0,122.0,0.0,4.0,9.0,0.0,152.0,409.0,2.0,0.0,0.0,0.0,9.0,0.0,8104.0,2.0,8.0,17.0,0.0,0.0,2.0,128.0,883.0,,,0.0,0.0,,303.0,76.0,77.0,,0.0,15.0,94.0,28.0,,2.0,,71.0,297.0,0.0,26.0,0.0,51.0,53.0,31.0,1.0,0.0,0.0,2.0,0.0,0.0,,0.0,0.0,596.0,,0.0,0.0,7.0,2600.0,0.0,,0.0,,0.0,,,0.0,,22.0,3.0,0.0,0.0,0.0,5.0,,19.0,0.0,391.0,55.0,1036.0,56.0,0.0,298.0,2128.0,21.0,2.0,90.0,,7.0,23.0,7.0,0.0,25.0,3.0,0.0,0.0,3.0,,0.0,0.0,0.0,14.0,26.0,0.0,,4.0,0.0,95.0,0.0,1.0,19.0,,4.0,28.0,,502.0,66.0,0.0,2.0,0.0,13.0,4.0,2.0,0.0,2.0,5.0,45.0,0.0,4.0,4.0,15.0,0.0,57.0,,36.0,2.0,18.0,0.0,6.0,127.0,56.0,59.0,0.0,,8.0,,162.0,234.0,7.0,,0.0,0.0,,0.0,0.0,0.0,69.0,9.0,116.0,0.0,6.0,28.0,16.0,2.0,1.0,0.0,105.0,0.0,2560.0,10.0,,0.0,0.0,0.0,700.0,0.0,,11.0,,0.0,141.0,0.0,3.0,0.0,0.0,1523.0,6.0,72.0,98.0,22.0,5497.0,4.0,31.0,,4.0,1.0,0.0,0.0,0.0,0.0
2020-04-20,4.0,13.0,52.0,13.0,0.0,0.0,28.0,35.0,,0.0,130.0,79.0,1.0,10.0,10.0,2.0,20.0,138.0,0.0,9.0,0.0,0.0,34.0,0.0,0.0,1.0,6.0,19.0,4.0,0.0,2.0,0.0,696.0,,,0.0,0.0,,338.0,55.0,93.0,,6.0,12.0,62.0,30.0,,0.0,,261.0,171.0,0.0,0.0,0.0,53.0,89.0,89.0,2.0,3.0,0.0,1.0,0.0,0.0,,3.0,300.0,853.0,,0.0,0.0,2.0,3500.0,0.0,,0.0,,0.0,,,0.0,,35.0,0.0,0.0,0.0,0.0,10.0,,17.0,71.0,419.0,61.0,2250.0,34.0,0.0,295.0,1822.0,0.0,0.0,0.0,,6.0,47.0,2.0,0.0,62.0,68.0,0.0,0.0,1.0,,0.0,4.0,0.0,0.0,10.0,0.0,,2.0,0.0,98.0,0.0,14.0,8.0,,0.0,16.0,,0.0,0.0,1.0,0.0,33.0,23.0,0.0,0.0,0.0,0.0,0.0,62.0,0.0,0.0,18.0,21.0,0.0,5.0,,102.0,0.0,25.0,0.0,5.0,157.0,41.0,93.0,0.0,,37.0,,125.0,155.0,0.0,,0.0,2.0,,0.0,1.0,0.0,92.0,15.0,117.0,0.0,0.0,33.0,22.0,1.0,1.0,152.0,72.0,0.0,3230.0,2.0,,2.0,0.0,0.0,800.0,0.0,,14.0,,0.0,71.0,0.0,1.0,1.0,105.0,1454.0,10.0,12.0,74.0,10.0,1992.0,15.0,36.0,,0.0,12.0,0.0,0.0,2.0,0.0
2020-04-21,15.0,18.0,53.0,34.0,0.0,4.0,103.0,29.0,,0.0,340.0,74.0,1.0,15.0,2.0,6.0,63.0,107.0,0.0,0.0,0.0,6.0,56.0,0.0,861.0,0.0,3.0,5.0,0.0,0.0,3.0,24.0,645.0,,,6.0,0.0,,293.0,54.0,0.0,,8.0,26.0,30.0,24.0,,17.0,,194.0,390.0,0.0,10.0,0.0,47.0,57.0,49.0,2.0,0.0,3.0,4.0,0.0,0.0,,0.0,0.0,1783.0,,9.0,0.0,2.0,3700.0,0.0,,308.0,,0.0,,,3.0,,5.0,0.0,0.0,0.0,0.0,4.0,,20.0,55.0,702.0,95.0,1692.0,53.0,9156.0,458.0,2723.0,43.0,0.0,80.0,,15.0,42.0,5.0,0.0,45.0,15.0,0.0,45.0,5.0,,0.0,0.0,0.0,56.0,33.0,0.0,,3.0,0.0,54.0,0.0,1.0,24.0,,0.0,19.0,,0.0,48.0,3.0,1.0,13.0,43.0,0.0,0.0,0.0,0.0,-248.0,32.0,1.0,10.0,0.0,24.0,0.0,0.0,,103.0,0.0,39.0,0.0,7.0,14.0,41.0,164.0,307.0,,59.0,,136.0,427.0,8.0,,0.0,0.0,,1.0,1.0,0.0,150.0,7.0,0.0,0.0,0.0,38.0,7.0,4.0,0.0,0.0,99.0,0.0,1927.0,4.0,,0.0,0.0,0.0,800.0,1.0,,14.0,,0.0,109.0,0.0,3.0,6.0,0.0,1488.0,0.0,8.0,83.0,192.0,2875.0,0.0,96.0,,0.0,2.0,0.0,0.0,0.0,0.0
2020-04-22,16.0,11.0,52.0,27.0,0.0,3.0,32.0,24.0,,0.0,357.0,42.0,0.0,242.0,5.0,0.0,192.0,431.0,0.0,0.0,0.0,7.0,23.0,0.0,2327.0,1.0,4.0,27.0,0.0,0.0,0.0,68.0,1266.0,,,0.0,0.0,,417.0,62.0,66.0,,10.0,30.0,68.0,32.0,,0.0,,236.0,387.0,0.0,71.0,1.0,118.0,55.0,65.0,15.0,0.0,0.0,15.0,0.0,5.0,,5.0,0.0,1507.0,,8.0,0.0,10.0,4200.0,0.0,,0.0,,0.0,,,0.0,,37.0,0.0,0.0,2.0,0.0,1.0,,8.0,45.0,395.0,71.0,2148.0,50.0,0.0,708.0,2943.0,7.0,0.0,117.0,,18.0,26.0,0.0,0.0,31.0,38.0,2.0,0.0,5.0,,13.0,0.0,0.0,59.0,41.0,0.0,,8.0,0.0,103.0,0.0,16.0,15.0,,0.0,18.0,,0.0,55.0,0.0,0.0,15.0,24.0,0.0,0.0,0.0,3.0,27.0,30.0,0.0,66.0,9.0,48.0,0.0,0.0,,83.0,0.0,27.0,0.0,9.0,45.0,39.0,216.0,226.0,,75.0,,253.0,547.0,0.0,,1.0,2.0,,1.0,0.0,0.0,172.0,11.0,0.0,0.0,0.0,57.0,26.0,8.0,0.0,0.0,64.0,0.0,3401.0,3.0,,4.0,0.0,0.0,500.0,0.0,,19.0,,0.0,244.0,0.0,0.0,9.0,42.0,1559.0,7.0,57.0,103.0,45.0,2162.0,11.0,93.0,,5.0,7.0,0.0,0.0,0.0,0.0
2020-04-23,13.0,29.0,151.0,24.0,0.0,0.0,47.0,26.0,,0.0,366.0,41.0,2.0,56.0,16.0,5.0,169.0,367.0,3.0,0.0,1.0,0.0,25.0,0.0,1255.0,2.0,16.0,21.0,0.0,0.0,0.0,271.0,307.0,,,0.0,0.0,,418.0,122.0,57.0,,2.0,16.0,14.0,24.0,,0.0,,163.0,297.0,1.0,69.0,0.0,0.0,66.0,69.0,4.0,0.0,0.0,8.0,0.0,0.0,,0.0,0.0,1436.0,,0.0,0.0,4.0,3900.0,0.0,,0.0,,0.0,,,6.0,,6.0,0.0,0.0,0.0,0.0,1.0,,95.0,47.0,642.0,47.0,1730.0,25.0,0.0,396.0,3033.0,49.0,1.0,138.0,,3.0,45.0,15.0,0.0,55.0,48.0,0.0,0.0,27.0,,0.0,0.0,0.0,42.0,17.0,0.0,,6.0,0.0,90.0,0.0,4.0,39.0,,0.0,5.0,,0.0,101.0,9.0,1.0,7.0,39.0,1.0,2.0,1.0,3.0,0.0,59.0,0.0,63.0,0.0,29.0,0.0,69.0,,371.0,21.0,40.0,0.0,5.0,395.0,29.0,227.0,58.0,,61.0,,72.0,471.0,3.0,,0.0,0.0,,0.0,1.0,0.0,113.0,4.0,0.0,1.0,4.0,28.0,4.0,6.0,4.0,418.0,224.0,0.0,3335.0,2.0,,2.0,0.0,0.0,700.0,0.0,,17.0,,0.0,78.0,0.0,3.0,11.0,0.0,2014.0,1.0,80.0,91.0,29.0,2837.0,30.0,111.0,,4.0,1.0,5.0,0.0,2.0,0.0
2020-04-24,9.0,9.0,53.0,11.0,0.0,1.0,57.0,69.0,,0.0,178.0,65.0,1.0,31.0,4.0,1.0,182.0,322.0,0.0,0.0,0.0,10.0,53.0,0.0,1082.0,1.0,7.0,15.0,0.0,0.0,7.0,0.0,388.0,,,0.0,0.0,,523.0,126.0,76.0,,4.0,20.0,99.0,51.0,,0.0,,219.0,142.0,0.0,78.0,1.0,182.0,38.0,71.0,8.0,0.0,5.0,14.0,2.0,4.0,,2.0,500.0,1509.0,,2.0,6.0,21.0,6500.0,35.0,,0.0,,1.0,,,0.0,,21.0,0.0,3.0,4.0,0.0,27.0,,68.0,33.0,486.0,42.0,1756.0,33.0,0.0,392.0,2922.0,60.0,0.0,36.0,,8.0,44.0,5.0,0.0,115.0,43.0,0.0,134.0,0.0,,5.0,3.0,0.0,31.0,2279.0,0.0,,3.0,1.0,121.0,0.0,10.0,19.0,,0.0,19.0,,4522.0,94.0,6.0,0.0,0.0,30.0,3.0,0.0,0.0,1.0,1.0,23.0,0.0,33.0,11.0,36.0,0.0,18.0,,228.0,0.0,48.0,0.0,11.0,74.0,40.0,204.0,27.0,,59.0,,339.0,677.0,0.0,,1.0,0.0,,2.0,1.0,0.0,124.0,5.0,0.0,0.0,0.0,32.0,67.0,0.0,0.0,0.0,134.0,0.0,3105.0,2.0,,0.0,1.0,455.0,400.0,0.0,,11.0,,37.0,117.0,1.0,0.0,0.0,4.0,3246.0,0.0,97.0,123.0,12.0,18876.0,15.0,60.0,,6.0,-4.0,0.0,1.0,0.0,0.0
2020-04-25,0.0,9.0,71.0,0.0,0.0,0.0,54.0,75.0,,99.0,231.0,67.0,0.0,47.0,1.0,0.0,453.0,295.0,0.0,0.0,0.0,0.0,54.0,0.0,1505.0,1.0,0.0,17.0,0.0,0.0,0.0,29.0,864.0,,,0.0,7.0,,419.0,66.0,64.0,,1.0,26.0,52.0,21.0,,50.0,,82.0,143.0,0.0,43.0,3.0,59.0,0.0,39.0,0.0,0.0,2.0,22.0,0.0,4.0,,0.0,0.0,1101.0,,4.0,0.0,7.0,0.0,0.0,,0.0,,0.0,,,15.0,,17.0,0.0,0.0,0.0,0.0,7.0,,0.0,28.0,441.0,40.0,1594.0,20.0,0.0,432.0,2622.0,0.0,0.0,126.0,,6.0,42.0,4.0,0.0,43.0,0.0,3.0,0.0,3.0,,0.0,0.0,0.0,30.0,81.0,0.0,,1.0,0.0,99.0,1.0,4.0,26.0,,0.0,10.0,,0.0,70.0,1.0,0.0,30.0,51.0,0.0,1.0,0.0,1.0,0.0,24.0,0.0,36.0,14.0,37.0,0.0,4.0,,111.0,0.0,19.0,0.0,7.0,301.0,30.0,182.0,49.0,,120.0,,73.0,682.0,1.0,,0.0,0.0,,0.0,0.0,0.0,166.0,14.0,0.0,0.0,0.0,46.0,31.0,8.0,0.0,0.0,82.0,0.0,3353.0,9.0,,5.0,0.0,0.0,300.0,5.0,,11.0,,0.0,0.0,0.0,3.0,5.0,13.0,3845.0,0.0,181.0,127.0,50.0,1293.0,1.0,86.0,,0.0,5.0,0.0,0.0,0.0,0.0
2020-04-26,19.0,7.0,29.0,0.0,0.0,0.0,77.0,30.0,,1318.0,179.0,59.0,7.0,29.0,9.0,8.0,122.0,368.0,0.0,6.0,1.0,26.0,32.0,0.0,992.0,2.0,8.0,11.0,0.0,0.0,0.0,89.0,870.0,,,0.0,0.0,,278.0,102.0,66.0,,1.0,22.0,69.0,64.0,,0.0,,92.0,136.0,0.0,38.0,0.0,88.0,0.0,62.0,8.0,1.0,0.0,5.0,0.0,12.0,,2.0,0.0,309.0,,0.0,0.0,10.0,2200.0,21.0,,0.0,,0.0,,,4.0,,0.0,0.0,0.0,1.0,0.0,0.0,,27.0,38.0,584.0,65.0,1464.0,39.0,0.0,296.0,1808.0,49.0,0.0,153.0,,5.0,36.0,8.0,0.0,150.0,25.0,0.0,0.0,2.0,,0.0,0.0,0.0,7.0,16.0,0.0,,9.0,0.0,100.0,0.0,21.0,33.0,,0.0,4.0,,1205.0,70.0,0.0,0.0,0.0,56.0,0.0,0.0,1.0,4.0,15.0,38.0,0.0,25.0,17.0,126.0,0.0,4.0,,70.0,-9.0,0.0,0.0,0.0,291.0,70.0,139.0,52.0,,83.0,,164.0,517.0,4.0,,0.0,0.0,,0.0,0.0,0.0,142.0,7.0,0.0,0.0,0.0,58.0,8.0,2.0,2.0,0.0,47.0,0.0,22019.0,2.0,,1.0,0.0,0.0,500.0,3.0,,6.0,,0.0,47.0,0.0,0.0,1.0,9.0,3558.0,0.0,58.0,91.0,4.0,6616.0,5.0,82.0,,5.0,0.0,0.0,0.0,5.0,0.0
2020-04-27,13.0,12.0,50.0,41.0,0.0,0.0,33.0,15.0,,47.0,80.0,23.0,0.0,29.0,9.0,0.0,45.0,93.0,1.0,0.0,0.0,18.0,35.0,0.0,990.0,1.0,1.0,16.0,0.0,0.0,2.0,19.0,1385.0,,,0.0,0.0,,303.0,97.0,77.0,,0.0,23.0,63.0,24.0,,0.0,,281.0,154.0,0.0,66.0,0.0,83.0,191.0,60.0,6.0,1.0,0.0,0.0,0.0,9.0,,0.0,0.0,612.0,,13.0,0.0,7.0,2500.0,0.0,,0.0,,0.0,,,0.0,,38.0,15.0,3.0,1.0,0.0,14.0,,13.0,16.0,614.0,44.0,1276.0,23.0,0.0,469.0,1696.0,31.0,1.0,90.0,,5.0,38.0,8.0,0.0,206.0,25.0,0.0,0.0,0.0,,0.0,0.0,0.0,7.0,19.0,0.0,,4.0,0.0,95.0,0.0,1.0,4.0,,0.0,3.0,,732.0,30.0,0.0,1.0,36.0,102.0,0.0,6.0,0.0,0.0,0.0,34.0,0.0,35.0,16.0,53.0,0.0,31.0,,93.0,0.0,117.0,0.0,8.0,337.0,70.0,201.0,28.0,,54.0,,87.0,579.0,1.0,,0.0,0.0,,3.0,0.0,0.0,174.0,1.0,0.0,0.0,0.0,35.0,9.0,0.0,0.0,0.0,90.0,0.0,3105.0,6.0,,1.0,0.0,0.0,400.0,5.0,,9.0,,0.0,15.0,0.0,0.0,5.0,63.0,4651.0,1.0,24.0,112.0,29.0,4436.0,11.0,103.0,,5.0,0.0,0.0,0.0,0.0,3.0
2020-04-28,8.0,9.0,93.0,13.0,0.0,0.0,22.0,18.0,,77.0,218.0,59.0,1.0,92.0,8.0,0.0,253.0,65.0,3.0,0.0,1.0,0.0,23.0,0.0,1402.0,0.0,16.0,7.0,0.0,1.0,0.0,110.0,963.0,,,0.0,4.0,,383.0,48.0,58.0,,6.0,19.0,66.0,50.0,,0.0,,122.0,165.0,0.0,21.0,0.0,172.0,0.0,68.0,8.0,0.0,6.0,7.0,0.0,0.0,,0.0,300.0,1482.0,,10.0,0.0,12.0,2900.0,33.0,,0.0,,3.0,,,0.0,,23.0,0.0,0.0,0.0,0.0,0.0,,18.0,12.0,610.0,103.0,1506.0,33.0,0.0,546.0,2317.0,26.0,0.0,0.0,,6.0,54.0,10.0,0.0,164.0,21.0,0.0,0.0,0.0,,20.0,0.0,0.0,62.0,0.0,0.0,,7.0,1.0,75.0,0.0,9.0,17.0,,0.0,1.0,,2337.0,50.0,8.0,0.0,10.0,83.0,0.0,0.0,0.0,0.0,0.0,15.0,0.0,18.0,0.0,36.0,0.0,0.0,,204.0,-12.0,0.0,0.0,9.0,754.0,43.0,189.0,32.0,,68.0,,263.0,1110.0,2.0,,2.0,0.0,,0.0,0.0,4.0,253.0,12.0,0.0,0.0,2.0,33.0,20.0,2.0,9.0,600.0,68.0,0.0,3071.0,8.0,,10.0,0.0,0.0,400.0,2.0,,17.0,,0.0,43.0,4.0,1.0,0.0,0.0,5018.0,5.0,128.0,91.0,6.0,4512.0,8.0,100.0,,0.0,-3.0,0.0,0.0,0.0,0.0
2020-04-29,24.0,24.0,51.0,25.0,1.0,0.0,30.0,34.0,,50.0,199.0,46.0,0.0,145.0,11.0,0.0,79.0,340.0,0.0,0.0,0.0,19.0,28.0,5.0,1588.0,0.0,21.0,22.0,0.0,0.0,0.0,19.0,1096.0,,,0.0,0.0,,347.0,52.0,143.0,,3.0,17.0,56.0,42.0,,0.0,,160.0,245.0,0.0,101.0,0.0,63.0,0.0,31.0,9.0,0.0,0.0,-4.0,0.0,8.0,,0.0,0.0,1343.0,,14.0,0.0,10.0,3000.0,0.0,,0.0,,3.0,,,13.0,,44.0,1.0,3.0,0.0,0.0,-6.0,,20.0,20.0,690.0,137.0,1352.0,27.0,4153.0,487.0,2311.0,32.0,0.0,469.0,,8.0,45.0,5.0,0.0,213.0,21.0,0.0,81.0,5.0,,0.0,0.0,0.0,27.0,11.0,0.0,,8.0,2.0,55.0,0.0,7.0,36.0,,0.0,3.0,,0.0,139.0,8.0,0.0,4.0,150.0,0.0,11.0,0.0,0.0,2.0,12.0,0.0,32.0,52.0,38.0,0.0,0.0,,192.0,0.0,72.0,0.0,0.0,858.0,48.0,370.0,81.0,,109.0,,165.0,1830.0,3.0,,0.0,0.0,,0.0,5.0,0.0,169.0,19.0,0.0,0.0,0.0,60.0,61.0,7.0,1.0,0.0,137.0,0.0,9026.0,2.0,,1.0,1.0,0.0,0.0,0.0,,4.0,,119.0,13.0,0.0,1.0,12.0,15.0,5231.0,0.0,111.0,148.0,44.0,4784.0,18.0,104.0,,0.0,0.0,0.0,0.0,12.0,0.0
2020-04-30,8.0,15.0,77.0,45.0,0.0,0.0,64.0,29.0,,27.0,128.0,58.0,2.0,45.0,10.0,0.0,314.0,293.0,0.0,0.0,0.0,0.0,17.0,0.0,1803.0,0.0,23.0,8.0,0.0,2.0,0.0,0.0,1097.0,,,0.0,14.0,,523.0,49.0,28.0,,14.0,15.0,60.0,64.0,,148.0,,206.0,183.0,0.0,43.0,0.0,73.0,1.0,46.0,13.0,0.0,7.0,13.0,2.0,1.0,,0.0,200.0,1262.0,,0.0,0.0,6.0,3100.0,24.0,,797.0,,0.0,,,4.0,,16.0,0.0,4.0,0.0,0.0,6.0,,45.0,14.0,631.0,131.0,1312.0,29.0,0.0,328.0,4693.0,17.0,0.0,92.0,,6.0,47.0,15.0,156.0,150.0,25.0,1.0,0.0,0.0,,0.0,0.0,0.0,26.0,79.0,0.0,,2.0,0.0,84.0,0.0,6.0,12.0,,0.0,4.0,,0.0,68.0,6.0,0.0,11.0,56.0,0.0,0.0,0.0,0.0,6.0,11.0,0.0,17.0,12.0,111.0,0.0,131.0,,890.0,5.0,49.0,0.0,11.0,368.0,20.0,211.0,49.0,,129.0,,448.0,1333.0,6.0,,2.0,0.0,,0.0,9.0,0.0,210.0,19.0,473.0,0.0,9.0,56.0,40.0,3.0,11.0,0.0,13.0,0.0,-20879.0,18.0,,7.0,0.0,0.0,800.0,0.0,,11.0,,0.0,19.0,10.0,1.0,1.0,11.0,4846.0,0.0,135.0,100.0,2.0,33227.0,5.0,37.0,,0.0,-3.0,0.0,0.0,1.0,0.0
2020-05-01,50.0,18.0,42.0,0.0,4.0,4.0,36.0,48.0,,33.0,203.0,40.0,-1.0,55.0,14.0,0.0,532.0,316.0,4.0,9.0,0.0,17.0,28.0,3.0,2104.0,0.0,10.0,11.0,0.0,14.0,1.0,0.0,1340.0,,,0.0,0.0,,438.0,50.0,112.0,0.0,8.0,17.0,73.0,33.0,,0.0,,58.0,183.0,0.0,30.0,0.0,86.0,355.0,79.0,5.0,0.0,0.0,4.0,0.0,7.0,,0.0,0.0,744.0,,0.0,0.0,23.0,3400.0,0.0,,0.0,,0.0,,,6.0,,13.0,0.0,0.0,2.0,0.0,33.0,,28.0,19.0,939.0,69.0,1215.0,39.0,0.0,595.0,2304.0,23.0,2.0,515.0,,2.0,56.0,6.0,22.0,63.0,42.0,0.0,0.0,42.0,,0.0,0.0,0.0,5.0,0.0,0.0,,2.0,2.0,39.0,0.0,61.0,32.0,,0.0,2.0,,954.0,90.0,9.0,0.0,19.0,99.0,0.0,4.0,0.0,0.0,13.0,11.0,0.0,26.0,32.0,69.0,0.0,0.0,,400.0,0.0,46.0,0.0,2.0,724.0,41.0,255.0,128.0,,64.0,,311.0,1601.0,5.0,,2.0,0.0,,0.0,4.0,0.0,392.0,22.0,0.0,0.0,0.0,24.0,34.0,0.0,0.0,309.0,51.0,0.0,0.0,8.0,,7.0,0.0,0.0,500.0,6.0,,2.0,0.0,0.0,35.0,0.0,1.0,11.0,11.0,4922.0,0.0,175.0,114.0,33.0,10068.0,18.0,79.0,,6.0,0.0,0.0,0.0,19.0,0.0
2020-05-02,21.0,31.0,51.0,4.0,0.0,0.0,28.0,33.0,,39.0,70.0,46.0,0.0,13.0,3.0,5.0,199.0,319.0,0.0,0.0,0.0,0.0,24.0,0.0,2898.0,2.0,11.0,18.0,3.0,0.0,0.0,19.0,1050.0,,,0.0,6.0,,554.0,13.0,115.0,0.0,0.0,17.0,42.0,51.0,,0.0,,89.0,160.0,0.0,14.0,0.0,94.0,219.0,62.0,17.0,0.0,0.0,3.0,0.0,3.0,,2.0,0.0,-461.0,,18.0,1.0,0.0,2100.0,17.0,,0.0,,0.0,,,0.0,,63.0,0.0,0.0,0.0,0.0,4.0,,16.0,17.0,812.0,74.0,1032.0,59.0,0.0,437.0,1665.0,25.0,2.0,230.0,,3.0,63.0,2.0,65.0,101.0,23.0,1.0,0.0,5.0,,3.0,4.0,0.0,38.0,105.0,0.0,,3.0,0.0,116.0,1.0,10.0,-4.0,,0.0,2.0,,0.0,62.0,5.0,0.0,12.0,173.0,6.0,6.0,0.0,0.0,0.0,3.0,0.0,29.0,0.0,45.0,0.0,255.0,,102.0,0.0,19.0,0.0,4.0,1305.0,40.0,271.0,24.0,,98.0,,219.0,1793.0,11.0,,0.0,0.0,,0.0,1.0,0.0,210.0,12.0,83.0,0.0,0.0,79.0,50.0,6.0,3.0,167.0,60.0,0.0,5198.0,10.0,,6.0,0.0,0.0,300.0,0.0,,0.0,0.0,0.0,13.0,0.0,0.0,5.0,7.0,4451.0,0.0,85.0,121.0,4.0,11367.0,5.0,59.0,,0.0,0.0,0.0,0.0,1.0,0.0
2020-05-03,14.0,12.0,64.0,21.0,0.0,0.0,34.0,25.0,,35.0,48.0,30.0,0.0,150.0,886.0,0.0,79.0,98.0,0.0,0.0,0.0,32.0,46.0,0.0,2054.0,2.0,21.0,5.0,0.0,15.0,0.0,0.0,1107.0,,,0.0,0.0,,469.0,98.0,56.0,0.0,0.0,14.0,26.0,62.0,,0.0,,126.0,99.0,0.0,0.0,0.0,125.0,1168.0,40.0,13.0,0.0,0.0,3.0,0.0,6.0,,0.0,0.0,222.0,,0.0,0.0,16.0,1600.0,0.0,,0.0,,0.0,,,0.0,,0.0,0.0,0.0,0.0,0.0,2.0,,4.0,11.0,956.0,211.0,1072.0,17.0,0.0,156.0,1740.0,31.0,5.0,776.0,,0.0,99.0,15.0,45.0,73.0,37.0,0.0,0.0,3.0,,10.0,0.0,0.0,3.0,61.0,0.0,,1.0,0.0,87.0,0.0,7.0,13.0,,0.0,1.0,,1070.0,48.0,0.0,0.0,4.0,182.0,1.0,6.0,0.0,0.0,0.0,10.0,0.0,11.0,49.0,93.0,0.0,0.0,,297.0,1.0,0.0,0.0,7.0,1116.0,90.0,183.0,18.0,,130.0,,322.0,1626.0,4.0,,0.0,0.0,,0.0,3.0,0.0,369.0,4.0,125.0,0.0,8.0,61.0,11.0,2.0,10.0,0.0,34.0,0.0,1654.0,12.0,,0.0,1.0,0.0,300.0,0.0,,8.0,0.0,0.0,7.0,0.0,1.0,5.0,5.0,4892.0,0.0,50.0,99.0,5.0,4770.0,2.0,48.0,,10.0,0.0,0.0,0.0,3.0,0.0
2020-05-04,52.0,12.0,62.0,6.0,0.0,0.0,88.0,36.0,,38.0,88.0,39.0,1.0,26.0,146.0,2.0,63.0,69.0,1.0,8.0,0.0,8.0,30.0,0.0,2824.0,2.0,13.0,5.0,0.0,4.0,0.0,0.0,1109.0,,,0.0,0.0,,374.0,108.0,85.0,0.0,6.0,13.0,33.0,49.0,,0.0,,220.0,101.0,0.0,27.0,0.0,165.0,133.0,70.0,26.0,4.0,0.0,0.0,0.0,0.0,,0.0,500.0,591.0,,8.0,0.0,0.0,2100.0,65.0,,0.0,,0.0,,,7.0,,45.0,0.0,5.0,0.0,0.0,4.0,,1.0,6.0,1072.0,78.0,957.0,54.0,0.0,315.0,1225.0,40.0,0.0,175.0,,3.0,89.0,6.0,22.0,171.0,11.0,0.0,0.0,0.0,,0.0,1.0,0.0,3.0,26.0,0.0,,1.0,0.0,71.0,0.0,10.0,7.0,,0.0,1.0,,0.0,41.0,0.0,2.0,4.0,215.0,0.0,6.0,0.0,0.0,0.0,26.0,0.0,16.0,17.0,47.0,0.0,66.0,,521.0,25.0,0.0,8.0,4.0,877.0,101.0,150.0,23.0,,146.0,,400.0,1456.0,4.0,,0.0,0.0,,1.0,0.0,0.0,342.0,43.0,23.0,0.0,8.0,49.0,24.0,0.0,17.0,197.0,66.0,0.0,2441.0,10.0,,9.0,0.0,3069.0,700.0,0.0,,2.0,0.0,0.0,1.0,4.0,7.0,6.0,78.0,5015.0,3.0,71.0,203.0,9.0,7028.0,5.0,86.0,,0.0,0.0,0.0,0.0,0.0,0.0
2020-05-05,24.0,27.0,69.0,15.0,0.0,1.0,30.0,40.0,,88.0,146.0,28.0,1.0,18.0,194.0,1.0,512.0,63.0,2.0,0.0,0.0,13.0,56.0,0.0,2406.0,1.0,21.0,3.0,0.0,0.0,0.0,0.0,976.0,,,0.0,4.0,,295.0,78.0,206.0,0.0,10.0,14.0,38.0,78.0,,0.0,,199.0,208.0,0.0,32.0,1.0,134.0,0.0,98.0,25.0,0.0,4.0,2.0,0.0,16.0,,0.0,0.0,1366.0,,0.0,0.0,17.0,2400.0,0.0,,0.0,,0.0,,,0.0,,48.0,0.0,0.0,0.0,0.0,0.0,,79.0,10.0,1295.0,243.0,1096.0,27.0,0.0,401.0,2352.0,8.0,18.0,340.0,,5.0,106.0,9.0,87.0,85.0,25.0,0.0,0.0,6.0,,0.0,0.0,0.0,40.0,7.0,0.0,,2.0,0.0,83.0,2.0,5.0,4.0,,0.0,3.0,,3363.0,121.0,3.0,1.0,0.0,185.0,0.0,0.0,0.0,0.0,1.0,14.0,0.0,9.0,64.0,21.0,0.0,42.0,,166.0,25.0,182.0,0.0,5.0,986.0,93.0,185.0,31.0,,114.0,,185.0,1770.0,1.0,,4.0,0.0,,0.0,6.0,0.0,955.0,55.0,149.0,2.0,6.0,62.0,98.0,3.0,14.0,0.0,50.0,0.0,2143.0,19.0,,9.0,0.0,0.0,200.0,0.0,,0.0,0.0,0.0,7.0,0.0,0.0,4.0,76.0,5119.0,0.0,256.0,187.0,16.0,2611.0,21.0,96.0,,0.0,13.0,0.0,0.0,14.0,0.0
2020-05-06,37.0,25.0,130.0,7.0,0.0,0.0,52.0,24.0,,56.0,177.0,28.0,0.0,98.0,0.0,0.0,617.0,290.0,0.0,0.0,0.0,11.0,17.0,0.0,3149.0,0.0,18.0,7.0,0.0,1.0,0.0,47.0,1178.0,,,0.0,0.0,,479.0,59.0,135.0,0.0,6.0,15.0,41.0,47.0,,0.0,,199.0,197.0,0.0,10.0,0.0,55.0,0.0,85.0,14.0,0.0,0.0,3.0,0.0,2.0,,0.0,0.0,1237.0,,0.0,0.0,29.0,4800.0,0.0,,0.0,,0.0,,,7.0,,99.0,5.0,0.0,0.0,0.0,10.0,,50.0,17.0,1189.0,120.0,1112.0,31.0,3724.0,172.0,8014.0,20.0,1.0,0.0,,2.0,129.0,8.0,0.0,187.0,14.0,1.0,116.0,0.0,,17.0,1.0,0.0,40.0,40.0,0.0,,0.0,0.0,135.0,0.0,33.0,4.0,,0.0,1.0,,971.0,114.0,1.0,0.0,8.0,179.0,2.0,1.0,0.0,6.0,7.0,16.0,0.0,18.0,53.0,44.0,0.0,30.0,,663.0,47.0,36.0,0.0,7.0,2114.0,98.0,375.0,333.0,,146.0,,334.0,1462.0,1.0,,0.0,0.0,,0.0,5.0,0.0,1352.0,23.0,248.0,0.0,11.0,115.0,21.0,2.0,12.0,407.0,86.0,0.0,2516.0,2.0,,10.0,0.0,0.0,300.0,0.0,,5.0,0.0,0.0,14.0,0.0,3.0,0.0,109.0,4917.0,0.0,222.0,206.0,8.0,119.0,18.0,76.0,,18.0,0.0,0.0,0.0,9.0,0.0
2020-05-07,10.0,10.0,126.0,5.0,0.0,0.0,77.0,50.0,,47.0,59.0,15.0,0.0,140.0,507.0,6.0,679.0,249.0,0.0,3.0,0.0,21.0,26.0,1.0,3980.0,0.0,24.0,7.0,0.0,0.0,0.0,2.0,1076.0,,,0.0,7.0,,475.0,48.0,152.0,0.0,11.0,17.0,40.0,30.0,,104.0,,166.0,218.0,0.0,44.0,0.0,104.0,0.0,72.0,33.0,0.0,0.0,9.0,0.0,0.0,,0.0,0.0,1112.0,,17.0,0.0,6.0,1800.0,9.0,,0.0,,0.0,,,4.0,,32.0,1.0,0.0,6.0,0.0,22.0,,42.0,5.0,1445.0,64.0,1157.0,24.0,0.0,236.0,3031.0,21.0,1.0,422.0,,4.0,110.0,7.0,72.0,162.0,23.0,-1.0,0.0,14.0,,4.0,0.0,0.0,21.0,53.0,0.0,,0.0,5.0,74.0,0.0,10.0,6.0,,0.0,0.0,,0.0,89.0,0.0,0.0,4.0,162.0,3.0,12.0,1.0,0.0,1.0,15.0,0.0,25.0,67.0,22.0,0.0,92.0,,0.0,2.0,27.0,0.0,6.0,861.0,112.0,207.0,182.0,,216.0,,356.0,2476.0,3.0,,0.0,2.0,,0.0,9.0,0.0,1015.0,69.0,189.0,0.0,0.0,78.0,44.0,1.0,19.0,0.0,65.0,0.0,2509.0,17.0,,12.0,0.0,897.0,200.0,0.0,,8.0,0.0,0.0,11.0,1.0,8.0,0.0,9.0,4782.0,0.0,299.0,213.0,36.0,5126.0,6.0,79.0,,9.0,1.0,0.0,0.0,2.0,0.0
2020-05-08,4.0,15.0,144.0,11.0,0.0,0.0,58.0,33.0,,44.0,138.0,25.0,5.0,28.0,191.0,0.0,417.0,221.0,0.0,9.0,0.0,18.0,6.0,0.0,3947.0,1.0,17.0,4.0,0.0,6.0,0.0,0.0,979.0,,,0.0,0.0,,496.0,16.0,124.0,0.0,30.0,16.0,48.0,47.0,,0.0,,42.0,218.0,0.0,25.0,0.0,222.0,0.0,58.0,5.0,0.0,7.0,431.0,0.0,2.0,,0.0,500.0,701.0,,0.0,0.0,13.0,0.0,20.0,,0.0,,0.0,,,11.0,,34.0,0.0,8.0,1.0,0.0,38.0,,64.0,10.0,1111.0,113.0,1093.0,35.0,0.0,356.0,2747.0,12.0,4.0,228.0,,4.0,113.0,5.0,0.0,85.0,13.0,0.0,0.0,3.0,,0.0,0.0,0.0,26.0,21.0,0.0,,0.0,0.0,88.0,0.0,14.0,6.0,,0.0,0.0,,2533.0,79.0,0.0,0.0,2.0,145.0,3.0,5.0,0.0,9.0,0.0,21.0,0.0,14.0,78.0,20.0,0.0,45.0,,1066.0,52.0,0.0,0.0,4.0,624.0,116.0,322.0,164.0,,84.0,,279.0,2805.0,3.0,,1.0,0.0,,0.0,8.0,0.0,1322.0,49.0,293.0,0.0,0.0,328.0,99.0,5.0,0.0,0.0,84.0,2.0,2637.0,8.0,,10.0,0.0,0.0,200.0,2.0,,8.0,0.0,16.0,12.0,0.0,0.0,0.0,38.0,3412.0,0.0,310.0,265.0,27.0,3957.0,14.0,119.0,,5.0,8.0,0.0,0.0,8.0,4.0
2020-05-09,30.0,7.0,79.0,8.0,2.0,3.0,69.0,49.0,,19.0,92.0,44.0,6.0,27.0,313.0,4.0,566.0,210.0,0.0,0.0,0.0,21.0,99.0,3.0,2388.0,0.0,21.0,3.0,0.0,12.0,0.0,230.0,1023.0,,,0.0,3.0,,507.0,134.0,145.0,0.0,0.0,19.0,37.0,62.0,,1.0,,34.0,166.0,0.0,10.0,0.0,298.0,0.0,57.0,19.0,0.0,0.0,43.0,2.0,2.0,,0.0,0.0,256.0,,0.0,0.0,9.0,1600.0,55.0,,0.0,,0.0,,,3.0,,35.0,0.0,0.0,0.0,0.0,3.0,,39.0,8.0,1414.0,113.0,1227.0,41.0,0.0,147.0,4008.0,15.0,0.0,760.0,,2.0,145.0,5.0,60.0,156.0,8.0,4.0,0.0,11.0,,0.0,0.0,0.0,63.0,24.0,0.0,,0.0,0.0,65.0,9.0,13.0,8.0,,0.0,0.0,,1510.0,99.0,0.0,1.0,7.0,137.0,7.0,1.0,1.0,0.0,2.0,3.0,0.0,17.0,66.0,13.0,0.0,43.0,,279.0,0.0,3615.0,0.0,3.0,1234.0,108.0,253.0,77.0,,79.0,,489.0,5308.0,4.0,,1.0,0.0,,0.0,12.0,0.0,1024.0,32.0,279.0,0.0,4.0,256.0,14.0,3.0,4.0,830.0,42.0,0.0,2804.0,20.0,,17.0,0.0,0.0,300.0,0.0,,6.0,0.0,0.0,3.0,0.0,2.0,1.0,22.0,3084.0,0.0,203.0,458.0,4.0,13541.0,7.0,71.0,,0.0,0.0,0.0,0.0,1.0,0.0
2020-05-10,56.0,23.0,132.0,5.0,0.0,0.0,29.0,58.0,,26.0,63.0,30.0,0.0,15.0,236.0,0.0,356.0,231.0,0.0,0.0,0.0,15.0,47.0,0.0,3272.0,2.0,22.0,8.0,0.0,0.0,0.0,233.0,847.0,,,0.0,0.0,,445.0,40.0,136.0,0.0,6.0,21.0,38.0,53.0,,0.0,,27.0,124.0,6.0,13.0,1.0,179.0,0.0,73.0,17.0,0.0,0.0,3.0,13.0,2.0,,0.0,0.0,179.0,,0.0,0.0,12.0,1100.0,0.0,,0.0,,0.0,,,6.0,,16.0,1.0,0.0,0.0,0.0,8.0,,29.0,0.0,1668.0,91.0,1079.0,32.0,0.0,54.0,2155.0,25.0,28.0,2221.0,,2.0,165.0,32.0,31.0,107.0,17.0,0.0,0.0,0.0,,0.0,0.0,0.0,0.0,36.0,0.0,,0.0,0.0,96.0,0.0,53.0,6.0,,0.0,0.0,,0.0,33.0,0.0,0.0,16.0,93.0,0.0,4.0,1.0,0.0,0.0,15.0,0.0,7.0,33.0,24.0,0.0,49.0,,254.0,35.0,186.0,0.0,10.0,1103.0,82.0,261.0,50.0,,304.0,,139.0,2390.0,0.0,,0.0,0.0,,0.0,0.0,0.0,1313.0,7.0,0.0,2.0,9.0,425.0,22.0,1.0,8.0,190.0,22.0,0.0,2214.0,61.0,,30.0,0.0,0.0,200.0,0.0,,5.0,0.0,0.0,7.0,0.0,2.0,3.0,40.0,3211.0,0.0,151.0,509.0,1.0,3635.0,4.0,35.0,,3.0,0.0,0.0,0.0,5.0,0.0
2020-05-11,0.0,4.0,163.0,0.0,0.0,0.0,80.0,34.0,,46.0,70.0,30.0,2.0,82.0,252.0,0.0,125.0,55.0,0.0,0.0,0.0,26.0,8.0,0.0,2427.0,0.0,17.0,7.0,0.0,2.0,1.0,59.0,898.0,,,0.0,0.0,,493.0,31.0,120.0,0.0,25.0,16.0,20.0,36.0,,0.0,,237.0,111.0,0.0,25.0,0.0,107.0,0.0,97.0,32.0,0.0,1.0,1.0,1.0,6.0,,0.0,0.0,508.0,,17.0,1.0,8.0,1217.0,116.0,,0.0,,0.0,,,1.0,,0.0,0.0,1.0,0.0,0.0,3.0,,25.0,0.0,1580.0,183.0,1279.0,56.0,0.0,413.0,1401.0,24.0,0.0,166.0,,1.0,133.0,12.0,2.0,178.0,13.0,0.0,0.0,0.0,,6.0,4.0,0.0,5.0,16.0,0.0,,0.0,10.0,88.0,0.0,26.0,1.0,,0.0,2.0,,1276.0,22.0,3.0,0.0,4.0,257.0,0.0,2.0,0.0,2.0,0.0,12.0,0.0,13.0,124.0,64.0,0.0,133.0,,492.0,38.0,0.0,0.0,5.0,1057.0,75.0,118.0,0.0,,87.0,,194.0,5495.0,10.0,,0.0,0.0,,0.0,4.0,0.0,1280.0,65.0,558.0,0.0,5.0,504.0,18.0,0.0,3.0,184.0,38.0,0.0,973.0,22.0,,13.0,0.0,0.0,200.0,0.0,,2.0,0.0,0.0,2.0,0.0,0.0,0.0,27.0,3089.0,0.0,228.0,577.0,13.0,16564.0,6.0,107.0,,12.0,8.0,1.0,0.0,0.0,0.0
2020-05-12,52.0,28.0,157.0,18.0,0.0,0.0,25.0,71.0,,57.0,87.0,0.0,0.0,40.0,245.0,0.0,443.0,35.0,0.0,14.0,0.0,14.0,54.0,5.0,5213.0,0.0,15.0,4.0,0.0,0.0,0.0,0.0,1048.0,,,0.0,23.0,,520.0,24.0,146.0,0.0,5.0,3.0,24.0,48.0,,48.0,,178.0,252.0,0.0,14.0,0.0,351.0,0.0,154.0,24.0,0.0,0.0,26.0,0.0,1.0,,0.0,300.0,1063.0,,10.0,0.0,32.0,1583.0,0.0,,0.0,,0.0,,,9.0,,102.0,0.0,0.0,0.0,0.0,5.0,,49.0,3.0,1871.0,182.0,935.0,113.0,0.0,240.0,2452.0,2.0,10.0,238.0,,0.0,149.0,8.0,16.0,194.0,21.0,0.0,163.0,0.0,,0.0,0.0,0.0,17.0,8.0,0.0,,0.0,0.0,110.0,0.0,21.0,0.0,,0.0,0.0,,2835.0,89.0,0.0,1.0,4.0,180.0,0.0,2.0,0.0,0.0,0.0,4.0,0.0,11.0,57.0,5.0,0.0,0.0,,257.0,7.0,1334.0,0.0,3.0,918.0,107.0,315.0,464.0,,179.0,,440.0,3711.0,3.0,,0.0,0.0,,3.0,31.0,0.0,2520.0,27.0,310.0,0.0,0.0,626.0,24.0,3.0,5.0,0.0,25.0,0.0,1841.0,23.0,,11.0,0.0,0.0,0.0,0.0,,4.0,0.0,0.0,2.0,0.0,3.0,0.0,13.0,3109.0,0.0,85.0,631.0,8.0,-2446.0,9.0,22.0,,15.0,3.0,0.0,0.0,0.0,0.0
2020-05-13,38.0,6.0,60.0,8.0,1.0,0.0,404.0,70.0,,27.0,156.0,109.0,2.0,13.0,214.0,8.0,737.0,205.0,0.0,7.0,0.0,26.0,60.0,0.0,5827.0,0.0,23.0,4.0,0.0,3.0,0.0,19.0,1122.0,,,0.0,2.0,,740.0,24.0,162.0,0.0,2.0,7.0,26.0,49.0,,0.0,,158.0,83.0,0.0,14.0,0.0,0.0,0.0,160.0,25.0,0.0,0.0,0.0,20.0,2.0,,0.0,0.0,888.0,,15.0,0.0,23.0,1500.0,20.0,,0.0,,0.0,,,1.0,,40.0,0.0,5.0,0.0,0.0,26.0,,95.0,4.0,1980.0,224.0,1071.0,63.0,2360.0,149.0,3502.0,82.0,13.0,389.0,,2.0,185.0,22.0,0.0,162.0,17.0,1.0,0.0,2.0,,16.0,0.0,0.0,58.0,19.0,0.0,,6.0,0.0,58.0,11.0,14.0,2.0,,0.0,0.0,,1055.0,107.0,2.0,0.0,9.0,140.0,0.0,3.0,0.0,2.0,8.0,9.0,0.0,10.0,111.0,24.0,0.0,39.0,,87.0,2.0,46.0,0.0,9.0,1000.0,145.0,279.0,169.0,,124.0,,276.0,4491.0,11.0,,0.0,1.0,,0.0,0.0,0.0,2365.0,40.0,224.0,0.0,25.0,958.0,77.0,1.0,4.0,388.0,67.0,0.0,1843.0,16.0,,25.0,0.0,0.0,300.0,0.0,,3.0,0.0,0.0,46.0,0.0,4.0,0.0,19.0,2826.0,0.0,343.0,511.0,9.0,13143.0,13.0,66.0,,0.0,0.0,0.0,0.0,7.0,3.0
2020-05-14,43.0,6.0,100.0,20.0,0.0,0.0,119.0,72.0,,37.0,101.0,44.0,0.0,148.0,0.0,0.0,457.0,174.0,0.0,0.0,0.0,17.0,44.0,0.0,1055.0,0.0,32.0,0.0,0.0,6.0,0.0,10.0,927.0,,,0.0,5.0,,790.0,15.0,225.0,3.0,43.0,8.0,16.0,57.0,,32.0,,194.0,142.0,0.0,5.0,0.0,130.0,0.0,140.0,31.0,0.0,0.0,132.0,3.0,0.0,,0.0,0.0,933.0,,30.0,0.0,11.0,1600.0,160.0,,0.0,,1.0,,,8.0,,39.0,0.0,1.0,1.0,0.0,16.0,,67.0,0.0,1569.0,231.0,1111.0,62.0,0.0,289.0,2747.0,28.0,5.0,948.0,,1.0,123.0,3.0,19.0,188.0,9.0,0.0,0.0,0.0,0.0,4.0,0.0,0.0,26.0,36.0,0.0,,1.0,0.0,70.0,5.0,24.0,7.0,,1.0,0.0,,1485.0,52.0,0.0,0.0,2.0,179.0,1.0,5.0,1.0,0.0,2.0,10.0,0.0,19.0,110.0,6.0,0.0,14.0,,796.0,0.0,13.0,0.0,2.0,827.0,86.0,286.0,16.0,,213.0,,1092.0,5527.0,4.0,,0.0,0.0,,0.0,11.0,0.0,1429.0,60.0,260.0,0.0,0.0,1164.0,52.0,7.0,5.0,931.0,59.0,1.0,2551.0,63.0,,0.0,0.0,0.0,0.0,0.0,,8.0,0.0,0.0,6.0,0.0,0.0,0.0,11.0,2315.0,8.0,427.0,407.0,11.0,2984.0,2.0,60.0,,0.0,8.0,0.0,0.0,0.0,1.0
2020-05-15,54.0,11.0,113.0,8.0,3.0,0.0,112.0,94.0,,25.0,66.0,53.0,0.0,287.0,521.0,0.0,639.0,190.0,0.0,0.0,0.0,78.0,64.0,0.0,5491.0,1.0,14.0,3.0,0.0,0.0,1.0,14.0,804.0,,,3.0,5.0,,959.0,20.0,102.0,0.0,55.0,7.0,19.0,42.0,,0.0,,140.0,154.0,0.0,30.0,0.0,206.0,0.0,173.0,12.0,9.0,1.0,14.0,15.0,4.0,,1.0,700.0,843.0,,37.0,0.0,10.0,1297.0,786.0,,0.0,,0.0,,,6.0,,0.0,0.0,1.0,11.0,0.0,11.0,,118.0,2.0,2289.0,285.0,1297.0,61.0,0.0,66.0,4917.0,12.0,3.0,470.0,,8.0,176.0,0.0,0.0,189.0,10.0,0.0,35.0,10.0,0.0,3.0,0.0,0.0,31.0,17.0,0.0,,4.0,0.0,88.0,4.0,19.0,15.0,,0.0,0.0,,1976.0,0.0,0.0,5.0,2.0,90.0,7.0,5.0,1.0,1.0,0.0,7.0,0.0,7.0,140.0,16.0,0.0,47.0,,1185.0,5.0,0.0,0.0,9.0,1996.0,123.0,222.0,130.0,,190.0,,317.0,4696.0,9.0,,0.0,0.0,,2.0,17.0,0.0,2818.0,48.0,217.0,0.0,0.0,1275.0,19.0,3.0,0.0,407.0,30.0,1.0,1409.0,32.0,,7.0,0.0,0.0,0.0,7.0,,4.0,0.0,0.0,4.0,3.0,0.0,0.0,32.0,2103.0,0.0,330.0,398.0,4.0,4333.0,6.0,22.0,,9.0,0.0,0.0,0.0,0.0,0.0
2020-05-16,0.0,9.0,138.0,11.0,0.0,0.0,37.0,125.0,,5.0,53.0,58.0,1.0,122.0,235.0,2.0,691.0,159.0,0.0,0.0,0.0,39.0,19.0,0.0,4702.0,1.0,28.0,9.0,0.0,17.0,0.0,0.0,924.0,,,0.0,23.0,,1400.0,12.0,127.0,0.0,58.0,9.0,44.0,35.0,,34.0,,41.0,148.0,0.0,15.0,0.0,169.0,0.0,151.0,24.0,0.0,0.0,11.0,6.0,1.0,,0.0,0.0,0.0,,25.0,2.0,26.0,1003.0,294.0,,0.0,,0.0,,,3.0,,238.0,0.0,0.0,0.0,0.0,14.0,,84.0,4.0,3966.0,108.0,1311.0,37.0,0.0,268.0,2605.0,45.0,0.0,0.0,,3.0,273.0,17.0,0.0,203.0,38.0,0.0,0.0,1.0,0.0,8.0,0.0,0.0,23.0,17.0,0.0,,2.0,0.0,73.0,9.0,24.0,-8.0,,0.0,0.0,,1397.0,116.0,0.0,0.0,0.0,87.0,1.0,7.0,0.0,0.0,8.0,5.0,0.0,5.0,152.0,16.0,0.0,86.0,,0.0,14.0,0.0,0.0,5.0,1125.0,101.0,257.0,494.0,,242.0,,204.0,4940.0,1.0,,0.0,0.0,,0.0,9.0,0.0,1797.0,59.0,178.0,0.0,9.0,1094.0,20.0,2.0,13.0,395.0,37.0,0.0,1663.0,43.0,,17.0,0.0,0.0,300.0,0.0,,2.0,0.0,0.0,1.0,0.0,3.0,0.0,5.0,2004.0,0.0,433.0,603.0,11.0,17629.0,5.0,55.0,,12.0,0.0,0.0,0.0,59.0,0.0
2020-05-17,33.0,1.0,98.0,2.0,0.0,0.0,35.0,134.0,,28.0,39.0,71.0,0.0,148.0,256.0,1.0,434.0,170.0,0.0,0.0,0.0,20.0,81.0,0.0,4450.0,0.0,25.0,40.0,8.0,0.0,0.0,0.0,731.0,,,0.0,6.0,,1199.0,13.0,164.0,0.0,0.0,14.0,23.0,35.0,,0.0,,40.0,120.0,0.0,22.0,1.0,2121.0,0.0,222.0,23.0,0.0,0.0,4.0,1.0,0.0,,0.0,0.0,765.0,,0.0,0.0,6.0,1411.0,0.0,,0.0,,0.0,,,0.0,,0.0,0.0,0.0,-8.0,0.0,41.0,,25.0,0.0,2571.0,218.0,1317.0,92.0,0.0,87.0,2366.0,17.0,6.0,815.0,,4.0,276.0,12.0,1.0,250.0,21.0,0.0,0.0,0.0,0.0,4.0,7.0,0.0,9.0,3.0,0.0,,0.0,3.0,59.0,0.0,15.0,4.0,,0.0,0.0,,1481.0,0.0,0.0,1.0,0.0,173.0,1.0,1.0,0.0,0.0,0.0,0.0,0.0,9.0,122.0,26.0,0.0,29.0,,461.0,6.0,1.0,0.0,4.0,349.0,74.0,276.0,814.0,,582.0,,316.0,4207.0,19.0,,0.0,0.0,,0.0,3.0,0.0,2056.0,24.0,234.0,0.0,35.0,998.0,12.0,1.0,4.0,528.0,16.0,0.0,0.0,18.0,,0.0,0.0,0.0,100.0,0.0,,6.0,0.0,0.0,1.0,0.0,5.0,0.0,9.0,1825.0,0.0,210.0,581.0,0.0,3889.0,6.0,34.0,,0.0,0.0,0.0,0.0,5.0,4.0
2020-05-18,23.0,12.0,118.0,7.0,0.0,0.0,56.0,94.0,,21.0,51.0,40.0,1.0,21.0,212.0,0.0,198.0,27.0,0.0,0.0,0.0,10.0,28.0,0.0,6337.0,0.0,14.0,8.0,5.0,1.0,0.0,0.0,688.0,,,0.0,0.0,,952.0,4.0,152.0,0.0,25.0,10.0,10.0,10.0,,0.0,,179.0,74.0,0.0,46.0,0.0,766.0,0.0,268.0,10.0,0.0,0.0,0.0,5.0,3.0,,0.0,0.0,516.0,,57.0,1.0,7.0,1030.0,0.0,,0.0,,0.0,,,0.0,,130.0,12.0,1.0,0.0,0.0,21.0,,4.0,0.0,2438.0,195.0,1197.0,92.0,0.0,311.0,2150.0,36.0,4.0,411.0,,5.0,213.0,23.0,0.0,246.0,23.0,0.0,0.0,4.0,0.0,3.0,0.0,0.0,0.0,13.0,0.0,,5.0,0.0,44.0,0.0,18.0,2.0,,0.0,0.0,,2059.0,81.0,0.0,3.0,0.0,98.0,0.0,4.0,0.0,0.0,0.0,0.0,0.0,16.0,50.0,8.0,0.0,31.0,,581.0,2.0,0.0,0.0,17.0,1685.0,94.0,177.0,1794.0,,529.0,,40.0,2836.0,6.0,,0.0,0.0,,0.0,2.0,0.0,3026.0,103.0,86.0,1.0,7.0,495.0,22.0,1062.0,11.0,292.0,34.0,0.0,3930.0,21.0,,25.0,0.0,0.0,100.0,0.0,,3.0,0.0,0.0,1.0,0.0,2.0,0.0,3.0,1615.0,0.0,160.0,1065.0,32.0,10913.0,5.0,67.0,,12.0,3.0,0.0,0.0,4.0,1.0
2020-05-19,49.0,15.0,121.0,4.0,0.0,0.0,247.0,145.0,,18.0,64.0,143.0,0.0,21.0,408.0,0.0,490.0,30.0,0.0,0.0,0.0,30.0,58.0,0.0,6335.0,0.0,34.0,0.0,0.0,0.0,0.0,0.0,818.0,,,5.0,22.0,,1342.0,0.0,147.0,0.0,40.0,2.0,21.0,33.0,,0.0,,85.0,115.0,0.0,15.0,0.0,0.0,24.0,302.0,28.0,0.0,0.0,0.0,9.0,4.0,,0.0,0.0,835.0,,17.0,0.0,24.0,640.0,19.0,,0.0,,0.0,,,17.0,,262.0,4.0,2.0,0.0,0.0,9.0,,12.0,3.0,3076.0,143.0,1512.0,56.0,0.0,182.0,2075.0,10.0,14.0,0.0,,4.0,129.0,22.0,78.0,342.0,71.0,0.0,32.0,0.0,0.0,2.0,0.0,0.0,28.0,3.0,0.0,,0.0,0.0,31.0,33.0,17.0,4.0,,0.0,0.0,,1937.0,83.0,0.0,2.0,1.0,143.0,0.0,3.0,0.0,1.0,0.0,14.0,192.0,20.0,90.0,50.0,0.0,78.0,,567.0,9.0,113.0,0.0,11.0,6218.0,114.0,275.0,1.0,,735.0,,236.0,5921.0,6.0,,1.0,0.0,,0.0,8.0,0.0,2886.0,57.0,105.0,0.0,19.0,530.0,7.0,3.0,15.0,662.0,128.0,0.0,0.0,10.0,,39.0,0.0,0.0,100.0,0.0,,0.0,641.0,0.0,0.0,0.0,1.0,0.0,7.0,1318.0,0.0,356.0,1214.0,9.0,6214.0,10.0,24.0,,0.0,0.0,0.0,4.0,0.0,0.0
2020-05-20,80.0,16.0,222.0,11.0,0.0,0.0,61.0,255.0,,39.0,204.0,55.0,0.0,616.0,214.0,2.0,795.0,160.0,0.0,-26.0,0.0,20.0,35.0,0.0,9889.0,0.0,38.0,9.0,0.0,0.0,0.0,28.0,724.0,,,0.0,38.0,,997.0,0.0,206.0,5.0,12.0,5.0,11.0,35.0,,1.0,,104.0,120.0,0.0,19.0,0.0,529.0,100.0,252.0,35.0,0.0,0.0,18.0,10.0,2.0,,0.0,-200.0,794.0,,47.0,0.0,19.0,1285.0,125.0,,0.0,,3.0,,,4.0,,0.0,0.0,1.0,0.0,0.0,0.0,,42.0,0.0,3113.0,108.0,1635.0,72.0,1590.0,69.0,2881.0,33.0,26.0,0.0,,29.0,136.0,8.0,0.0,204.0,12.0,0.0,0.0,0.0,0.0,3.0,0.0,0.0,24.0,10.0,0.0,,12.0,0.0,60.0,0.0,14.0,5.0,,0.0,0.0,,1094.0,445.0,3.0,0.0,0.0,197.0,4.0,4.0,1.0,8.0,2.0,5.0,0.0,4.0,106.0,16.0,0.0,87.0,,612.0,0.0,0.0,0.0,12.0,5444.0,89.0,280.0,21.0,,966.0,,190.0,9262.0,7.0,,0.0,0.0,,0.0,9.0,0.0,1844.0,53.0,163.0,0.0,38.0,842.0,39.0,2.0,10.0,990.0,69.0,0.0,0.0,15.0,,0.0,0.0,0.0,100.0,0.0,,0.0,-171.0,0.0,31.0,0.0,3.0,0.0,36.0,1092.0,2.0,323.0,1018.0,17.0,4920.0,9.0,34.0,,9.0,0.0,0.0,0.0,5.0,0.0
2020-05-21,8.0,13.0,94.0,0.0,0.0,0.0,99.0,162.0,,8.0,69.0,87.0,1.0,305.0,395.0,0.0,642.0,141.0,0.0,4.0,1.0,8.0,39.0,2.0,9277.0,0.0,43.0,8.0,0.0,10.0,0.0,213.0,938.0,,,0.0,9.0,,1488.0,0.0,175.0,0.0,6.0,10.0,0.0,30.0,,45.0,,96.0,107.0,0.0,3.0,0.0,224.0,0.0,223.0,7.0,0.0,0.0,532.0,15.0,1.0,,0.0,0.0,504.0,,0.0,0.0,10.0,1121.0,0.0,,0.0,,0.0,,,63.0,,50.0,0.0,10.0,0.0,0.0,48.0,,55.0,1.0,3131.0,263.0,1756.0,45.0,0.0,220.0,2278.0,17.0,10.0,1108.0,,11.0,109.0,9.0,3.0,320.0,13.0,0.0,0.0,412.0,0.0,3.0,0.0,0.0,0.0,13.0,0.0,,0.0,0.0,90.0,0.0,15.0,3.0,,0.0,0.0,,1733.0,0.0,0.0,0.0,2.0,182.0,0.0,0.0,0.0,4.0,0.0,3.0,0.0,15.0,67.0,11.0,0.0,160.0,,1054.0,0.0,51.0,0.0,14.0,1619.0,68.0,269.0,0.0,,688.0,,225.0,7289.0,1.0,,0.0,0.0,,0.0,15.0,0.0,2562.0,65.0,303.0,0.0,0.0,910.0,14.0,0.0,16.0,0.0,27.0,0.0,0.0,20.0,,23.0,0.0,0.0,100.0,0.0,,0.0,0.0,0.0,9.0,0.0,8.0,1.0,21.0,1003.0,1.0,272.0,946.0,18.0,4106.0,6.0,35.0,,0.0,3.0,0.0,0.0,105.0,0.0
2020-05-22,58.0,6.0,194.0,13.0,0.0,0.0,30.0,293.0,,7.0,54.0,59.0,0.0,223.0,588.0,0.0,776.0,135.0,0.0,0.0,0.0,14.0,18.0,0.0,9470.0,0.0,42.0,3.0,0.0,0.0,0.0,14.0,877.0,,,0.0,10.0,,1350.0,22.0,144.0,10.0,9.0,8.0,33.0,28.0,,0.0,,99.0,121.0,0.0,9.0,0.0,206.0,0.0,157.0,26.0,143.0,0.0,20.0,7.0,5.0,,0.0,0.0,10.0,,37.0,0.0,10.0,977.0,53.0,,0.0,,0.0,,,0.0,,0.0,0.0,0.0,1.0,0.0,42.0,,78.0,1.0,3271.0,219.0,1712.0,49.0,0.0,191.0,2160.0,46.0,10.0,333.0,,4.0,253.0,5.0,0.0,310.0,16.0,0.0,18.0,0.0,0.0,5.0,3.0,0.0,62.0,7.0,0.0,,4.0,1.0,63.0,18.0,2.0,1.0,,0.0,0.0,,2039.0,416.0,0.0,2.0,0.0,97.0,0.0,8.0,0.0,21.0,5.0,0.0,0.0,11.0,100.0,9.0,7695.0,0.0,,1046.0,0.0,30.0,0.0,8.0,1261.0,92.0,279.0,1138.0,,605.0,,196.0,7144.0,5.0,,0.0,0.0,,0.0,19.0,0.0,2963.0,60.0,171.0,0.0,25.0,878.0,11.0,0.0,0.0,1154.0,32.0,2.0,0.0,16.0,,63.0,0.0,0.0,0.0,1.0,,10.0,619.0,0.0,13.0,0.0,3.0,0.0,20.0,1121.0,2.0,358.0,1043.0,8.0,51717.0,9.0,85.0,,0.0,1.0,0.0,6.0,34.0,0.0
2020-05-23,44.0,6.0,170.0,1.0,1.0,0.0,468.0,62.0,,23.0,32.0,107.0,1.0,369.0,296.0,0.0,695.0,32.0,0.0,0.0,0.0,34.0,48.0,0.0,7157.0,0.0,39.0,0.0,0.0,47.0,0.0,0.0,710.0,,,0.0,8.0,,1204.0,3.0,143.0,0.0,10.0,7.0,12.0,40.0,,33.0,,19.0,72.0,0.0,0.0,0.0,282.0,0.0,254.0,0.0,0.0,0.0,18.0,0.0,23.0,,0.0,0.0,2.0,,57.0,0.0,14.0,652.0,27.0,,0.0,,0.0,,,22.0,,56.0,0.0,1.0,0.0,0.0,0.0,,68.0,0.0,2561.0,192.0,1796.0,53.0,0.0,175.0,2120.0,42.0,9.0,239.0,,9.0,118.0,0.0,10.0,232.0,18.0,0.0,0.0,4.0,0.0,0.0,1.0,0.0,24.0,10.0,0.0,,3.0,0.0,53.0,19.0,14.0,4.0,,0.0,0.0,,2233.0,83.0,0.0,2.0,0.0,261.0,0.0,4.0,0.0,0.0,0.0,1.0,0.0,11.0,167.0,24.0,0.0,27.0,,1452.0,2.0,4.0,0.0,34.0,3067.0,85.0,246.0,115.0,,620.0,,410.0,8111.0,5.0,,0.0,0.0,,0.0,12.0,0.0,2233.0,105.0,158.0,0.0,11.0,887.0,24.0,0.0,0.0,0.0,19.0,0.0,0.0,40.0,,52.0,0.0,0.0,100.0,0.0,,3.0,134.0,0.0,6.0,0.0,12.0,0.0,11.0,1491.0,0.0,344.0,697.0,7.0,11104.0,13.0,40.0,,0.0,0.0,0.0,0.0,0.0,0.0
2020-05-24,35.0,6.0,358.0,0.0,0.0,0.0,202.0,128.0,,23.0,26.0,101.0,0.0,122.0,415.0,0.0,627.0,117.0,0.0,21.0,0.0,20.0,18.0,0.0,7324.0,1.0,32.0,0.0,0.0,13.0,0.0,43.0,680.0,,,4.0,11.0,,1602.0,8.0,298.0,3.0,5.0,13.0,4.0,18.0,,0.0,,34.0,64.0,0.0,0.0,0.0,279.0,3.0,179.0,63.0,0.0,0.0,6.0,37.0,1.0,,0.0,0.0,747.0,,0.0,0.0,13.0,565.0,20.0,,0.0,,0.0,,,14.0,,42.0,0.0,4.0,0.0,0.0,29.0,,35.0,0.0,3307.0,153.0,1729.0,153.0,0.0,63.0,1639.0,31.0,11.0,169.0,,1.0,138.0,3.0,3.0,370.0,23.0,0.0,0.0,21.0,0.0,3.0,0.0,0.0,3.0,9.0,0.0,,4.0,5.0,33.0,16.0,23.0,3.0,,8.0,0.0,,2555.0,261.0,0.0,2.0,1.0,65.0,3.0,2.0,0.0,17.0,0.0,0.0,0.0,8.0,89.0,11.0,0.0,85.0,,545.0,9.0,0.0,0.0,9.0,1880.0,72.0,217.0,9844.0,,657.0,,212.0,5363.0,10.0,,0.0,0.0,,0.0,0.0,0.0,2284.0,40.0,158.0,0.0,0.0,994.0,21.0,0.0,0.0,996.0,13.0,0.0,0.0,14.0,,34.0,0.0,0.0,100.0,4.0,,3.0,78.0,0.0,5.0,0.0,8.0,0.0,3.0,1092.0,0.0,179.0,561.0,2.0,5497.0,2.0,33.0,,0.0,0.0,0.0,-1.0,0.0,7.0
2020-05-25,22.0,6.0,-37.0,10.0,0.0,0.0,267.0,81.0,,21.0,75.0,134.0,1.0,166.0,433.0,1.0,294.0,25.0,0.0,2.0,0.0,18.0,16.0,0.0,3922.0,0.0,22.0,0.0,0.0,0.0,0.0,0.0,653.0,,,0.0,29.0,,1154.0,9.0,249.0,0.0,20.0,8.0,8.0,15.0,,0.0,,104.0,64.0,0.0,15.0,0.0,152.0,14443.0,93.0,139.0,0.0,0.0,6.0,2.0,7.0,,0.0,300.0,582.0,,103.0,4.0,4.0,918.0,72.0,,0.0,,1.0,,,16.0,,0.0,0.0,0.0,0.0,0.0,5.0,,21.0,0.0,3014.0,240.0,1912.0,73.0,0.0,154.0,1502.0,38.0,27.0,199.0,,8.0,163.0,19.0,6.0,504.0,12.0,0.0,0.0,0.0,0.0,2.0,1.0,0.0,0.0,14.0,0.0,,5.0,0.0,34.0,11.0,7.0,9.0,,0.0,0.0,,2473.0,89.0,0.0,1.0,0.0,71.0,20.0,1.0,0.0,25.0,0.0,5.0,0.0,3.0,48.0,17.0,0.0,0.0,,284.0,0.0,0.0,0.0,37.0,1154.0,74.0,82.0,273.0,,1193.0,,231.0,5499.0,1.0,,0.0,0.0,,0.0,4.0,0.0,2148.0,59.0,63.0,0.0,52.0,862.0,6.0,6.0,31.0,817.0,49.0,0.0,0.0,21.0,,45.0,0.0,0.0,100.0,0.0,,1.0,94.0,0.0,7.0,0.0,20.0,0.0,2.0,1321.0,1.0,126.0,601.0,10.0,12421.0,11.0,42.0,,40.0,5.0,0.0,0.0,0.0,0.0
2020-05-26,31.0,8.0,171.0,13.0,0.0,0.0,168.0,75.0,,8.0,44.0,78.0,0.0,185.0,245.0,0.0,637.0,23.0,0.0,34.0,0.0,30.0,25.0,1.0,4760.0,0.0,18.0,0.0,0.0,0.0,0.0,131.0,701.0,,,0.0,59.0,,1613.0,6.0,246.0,0.0,3.0,6.0,11.0,5.0,,0.0,,88.0,80.0,0.0,0.0,0.0,249.0,0.0,127.0,15.0,0.0,0.0,14.0,6.0,8.0,,0.0,0.0,680.0,,31.0,1.0,11.0,768.0,247.0,,0.0,,0.0,,,15.0,,0.0,0.0,0.0,0.0,0.0,20.0,,125.0,1.0,3571.0,235.0,1724.0,41.0,0.0,150.0,2677.0,29.0,29.0,198.0,,107.0,98.0,3.0,0.0,685.0,23.0,0.0,29.0,1.0,0.0,3.0,0.0,0.0,27.0,2.0,0.0,,0.0,4.0,62.0,42.0,13.0,0.0,,0.0,0.0,,2256.0,82.0,0.0,4.0,0.0,107.0,0.0,1.0,0.0,43.0,0.0,1.0,171.0,10.0,74.0,14.0,0.0,134.0,,832.0,8.0,100.0,0.0,38.0,1957.0,89.0,744.0,274.0,,1481.0,,244.0,12331.0,6.0,,0.0,0.0,,0.0,5.0,64.0,2782.0,50.0,147.0,0.0,4.0,706.0,15.0,0.0,18.0,824.0,20.0,0.0,0.0,17.0,,0.0,0.0,0.0,0.0,0.0,,1.0,22.0,0.0,1.0,0.0,16.0,0.0,10.0,1492.0,0.0,341.0,325.0,0.0,5745.0,9.0,29.0,,0.0,0.0,0.0,0.0,0.0,0.0
2020-05-27,10.0,9.0,211.0,0.0,0.0,0.0,182.0,35.0,,19.0,46.0,78.0,0.0,214.0,346.0,5.0,837.0,145.0,0.0,16.0,0.0,12.0,23.0,0.0,8054.0,0.0,32.0,0.0,0.0,0.0,0.0,0.0,896.0,,,1.0,56.0,,2625.0,9.0,600.0,3.0,39.0,5.0,1.0,15.0,,0.0,,100.0,62.0,0.0,106.0,0.0,256.0,422.0,178.0,104.0,0.0,0.0,9.0,4.0,14.0,,0.0,0.0,705.0,,38.0,1.0,20.0,853.0,95.0,,0.0,,0.0,,,204.0,,0.0,0.0,5.0,0.0,0.0,13.0,,20.0,0.0,3472.0,180.0,1739.0,52.0,1029.0,113.0,2443.0,16.0,12.0,163.0,,0.0,155.0,3.0,3.0,640.0,28.0,2.0,0.0,3.0,0.0,0.0,0.0,0.0,19.0,8.0,0.0,,4.0,0.0,42.0,0.0,15.0,6.0,,0.0,0.0,,2126.0,0.0,0.0,6.0,0.0,97.0,0.0,2.0,0.0,28.0,3.0,12.0,0.0,0.0,116.0,17.0,0.0,110.0,,828.0,0.0,1000.0,0.0,10.0,3263.0,94.0,310.0,253.0,,1439.0,,288.0,11079.0,1.0,,0.0,0.0,,0.0,19.0,0.0,2572.0,21.0,210.0,0.0,0.0,832.0,5.0,8.0,12.0,710.0,45.0,0.0,0.0,20.0,,246.0,0.0,0.0,100.0,2.0,,3.0,158.0,0.0,2.0,0.0,6.0,0.0,0.0,1286.0,0.0,420.0,389.0,5.0,6606.0,12.0,32.0,,0.0,6.0,0.0,0.0,443.0,0.0
2020-05-28,71.0,11.0,148.0,5.0,0.0,0.0,268.0,32.0,,-3.0,58.0,125.0,1.0,267.0,500.0,0.0,737.0,107.0,0.0,0.0,0.0,49.0,37.0,0.0,10957.0,1.0,53.0,47.0,0.0,0.0,0.0,0.0,713.0,,,0.0,54.0,,2575.0,4.0,21.0,0.0,16.0,7.0,4.0,10.0,,190.0,,90.0,74.0,0.0,56.0,0.0,162.0,0.0,154.0,111.0,0.0,0.0,13.0,0.0,10.0,,0.0,400.0,607.0,,37.0,0.0,16.0,540.0,0.0,,0.0,,0.0,,,72.0,,277.0,0.0,0.0,0.0,0.0,13.0,,140.0,0.0,3171.0,183.0,1812.0,67.0,0.0,109.0,3503.0,24.0,5.0,123.0,,-89.0,132.0,13.0,7.0,752.0,23.0,0.0,0.0,7.0,1.0,0.0,1.0,0.0,9.0,12.0,0.0,,3.0,0.0,86.0,0.0,20.0,10.0,,0.0,0.0,,2207.0,239.0,0.0,0.0,0.0,217.0,11.0,0.0,0.0,4.0,1.0,7.0,0.0,7.0,91.0,16.0,0.0,0.0,,1089.0,3.0,0.0,0.0,10.0,3273.0,92.0,230.0,288.0,,2116.0,,467.0,8785.0,0.0,,0.0,0.0,,0.0,28.0,0.0,3531.0,100.0,161.0,0.0,64.0,1018.0,5.0,2.0,45.0,919.0,23.0,0.0,0.0,13.0,,0.0,0.0,0.0,0.0,0.0,,1.0,99.0,0.0,14.0,0.0,14.0,0.0,9.0,1576.0,0.0,444.0,314.0,1.0,8483.0,4.0,26.0,,0.0,0.0,0.0,1.0,0.0,3.0
